,word,start,end,score,speaker
0,When,1.33,1.55,0.861,SPEAKER_01
1,was,1.59,1.711,0.893,SPEAKER_01
2,the,1.751,1.851,0.779,SPEAKER_01
3,last,1.931,2.191,0.762,SPEAKER_01
4,time,2.271,2.452,0.734,SPEAKER_01
5,you,2.512,2.632,0.937,SPEAKER_01
6,considered,2.692,3.193,0.786,SPEAKER_01
7,ending,3.233,3.633,0.783,SPEAKER_01
8,this,3.693,3.834,0.861,SPEAKER_01
9,relationship?,3.894,4.615,0.866,SPEAKER_01
10,And,5.396,5.496,0.901,SPEAKER_01
11,why,5.556,5.716,0.98,SPEAKER_01
12,didn't,5.756,6.057,0.686,SPEAKER_01
13,you?,6.097,6.437,0.912,SPEAKER_01
14,You're,7.439,7.559,0.152,SPEAKER_01
15,not,7.579,7.679,0.788,SPEAKER_01
16,going,7.699,7.799,0.354,SPEAKER_01
17,to,7.819,7.879,0.47,SPEAKER_01
18,like,7.919,8.1,0.74,SPEAKER_01
19,this,8.12,8.3,0.337,SPEAKER_01
20,answer.,8.36,17.132,0.693,SPEAKER_01
21,Describe,20.777,21.178,0.865,SPEAKER_01
22,the,21.218,21.298,0.786,SPEAKER_01
23,moment,21.358,21.639,0.756,SPEAKER_01
24,you,21.699,21.899,0.459,SPEAKER_01
25,first,21.999,22.259,0.885,SPEAKER_01
26,realised,22.3,22.92,0.769,SPEAKER_01
27,I,22.94,22.96,0.963,SPEAKER_01
28,was,23.181,23.301,0.652,SPEAKER_01
29,truly,23.321,23.862,0.872,SPEAKER_01
30,in,24.002,24.062,0.95,SPEAKER_01
31,love,24.142,24.282,0.904,SPEAKER_01
32,with,24.322,24.463,0.942,SPEAKER_01
33,you.,24.503,24.663,0.62,SPEAKER_01
34,Hmm.,31.072,31.152,0.25,
35,I,31.823,32.003,0.76,SPEAKER_01
36,think,32.023,32.404,0.92,SPEAKER_01
37,there's,37.249,37.43,0.734,SPEAKER_01
38,two,37.47,37.71,0.736,SPEAKER_01
39,things,37.75,38.03,0.8,SPEAKER_01
40,that,38.07,38.19,0.842,SPEAKER_01
41,come,38.23,38.371,0.844,SPEAKER_01
42,to,38.451,38.531,0.988,SPEAKER_01
43,mind.,38.591,38.971,0.893,SPEAKER_01
44,The,39.011,39.592,0.574,SPEAKER_01
45,first,39.652,40.053,0.858,SPEAKER_01
46,one,40.313,40.433,0.863,SPEAKER_01
47,is,40.473,40.513,0.5,SPEAKER_01
48,when,41.254,41.454,0.984,SPEAKER_01
49,I,41.474,41.494,0.999,SPEAKER_01
50,was,41.755,41.875,0.949,SPEAKER_01
51,sitting,41.915,42.155,0.644,SPEAKER_01
52,on,42.195,42.255,0.917,SPEAKER_01
53,your,42.295,42.415,0.996,SPEAKER_01
54,bed,42.455,42.716,0.853,SPEAKER_01
55,at,42.736,42.776,0.5,SPEAKER_01
56,your,43.557,43.737,0.859,SPEAKER_01
57,sister's,43.777,44.137,0.795,SPEAKER_01
58,"house,",44.197,44.598,0.909,SPEAKER_01
59,and,46.14,46.34,0.71,SPEAKER_01
60,it,46.36,46.4,0.5,SPEAKER_01
61,was,47.481,47.581,0.551,SPEAKER_01
62,really,47.621,47.962,0.762,SPEAKER_01
63,late,48.022,48.342,0.522,SPEAKER_01
64,at,48.362,48.402,0.001,SPEAKER_01
65,night.,48.422,48.562,0.531,SPEAKER_01
66,I,48.582,48.602,0.986,SPEAKER_01
67,don't,48.643,48.763,0.826,SPEAKER_01
68,know,48.783,48.883,0.931,SPEAKER_01
69,what,48.903,49.023,0.904,SPEAKER_01
70,time,49.143,49.243,0.622,SPEAKER_01
71,it,49.403,49.544,0.708,SPEAKER_01
72,"was,",49.724,49.824,0.342,SPEAKER_01
73,maybe,49.844,49.944,0.178,SPEAKER_01
74,like,49.984,50.104,0.49,SPEAKER_01
75,1,50.124,50.144,0.873,SPEAKER_01
76,a.m.,50.264,50.745,0.739,SPEAKER_01
77,or,50.805,50.885,0.473,SPEAKER_01
78,something.,50.925,51.266,0.501,SPEAKER_01
79,I,51.446,51.506,0.995,SPEAKER_01
80,was,51.546,51.646,0.945,SPEAKER_01
81,hungry.,51.686,52.167,0.852,SPEAKER_01
82,You'd,52.387,52.547,0.841,SPEAKER_01
83,gone,52.587,52.727,0.866,SPEAKER_01
84,"downstairs,",52.767,53.228,0.925,SPEAKER_01
85,you'd,53.268,53.368,0.531,SPEAKER_01
86,gone,53.388,53.528,0.548,SPEAKER_01
87,to,53.548,53.588,0.692,SPEAKER_01
88,get,53.608,53.708,0.921,SPEAKER_01
89,some,53.748,53.869,0.896,SPEAKER_01
90,food.,53.929,54.289,0.873,SPEAKER_01
91,You,55.831,55.931,0.946,SPEAKER_01
92,came,55.991,56.131,0.935,SPEAKER_01
93,back,56.191,56.331,0.993,SPEAKER_01
94,up,56.412,56.492,0.882,SPEAKER_01
95,with,56.532,56.652,0.912,SPEAKER_01
96,some,56.692,56.832,0.774,SPEAKER_01
97,food.,56.912,57.713,0.838,SPEAKER_01
98,I,58.098,58.218,0.786,SPEAKER_01
99,just,58.238,58.359,0.544,SPEAKER_01
100,remember,58.379,58.66,0.448,SPEAKER_01
101,it,58.68,58.72,0.012,SPEAKER_01
102,was,58.74,58.82,0.472,SPEAKER_01
103,a,58.86,58.88,0.853,SPEAKER_01
104,chicken,58.92,59.201,0.908,SPEAKER_01
105,wing.,59.241,59.502,0.852,SPEAKER_01
106,I,60.385,60.465,0.777,
107,don't,60.505,60.725,0.699,
108,know,60.866,61.427,0.322,SPEAKER_01
109,what,61.448,61.528,0.192,SPEAKER_01
110,kind.,61.708,61.929,0.837,SPEAKER_01
111,It,62.33,62.39,0.913,SPEAKER_01
112,was,62.41,62.49,0.941,SPEAKER_01
113,a,62.531,62.551,0.923,SPEAKER_01
114,good,62.591,62.731,0.914,SPEAKER_01
115,chicken,62.771,63.012,0.877,SPEAKER_01
116,wing.,63.032,63.152,0.416,SPEAKER_01
117,I,63.213,63.273,0.336,SPEAKER_01
118,was,63.293,63.453,0.678,SPEAKER_01
119,eating,63.493,63.814,0.548,SPEAKER_01
120,this,63.854,63.955,0.61,SPEAKER_01
121,chicken,63.995,64.215,0.933,SPEAKER_01
122,"wing,",64.256,64.476,0.699,SPEAKER_01
123,really,64.757,65.098,0.815,SPEAKER_01
124,devouring,65.138,65.94,0.825,SPEAKER_01
125,this,66.0,66.121,0.582,SPEAKER_01
126,chicken,66.161,66.462,0.394,SPEAKER_01
127,wing.,66.482,66.682,0.88,SPEAKER_01
128,And,66.702,69.029,0.85,SPEAKER_01
129,you,69.049,69.19,0.973,SPEAKER_01
130,said,69.23,69.49,0.881,SPEAKER_01
131,to,69.51,69.571,0.688,SPEAKER_01
132,"me,",69.651,69.811,0.888,SPEAKER_01
133,you,70.012,70.112,0.905,SPEAKER_01
134,were,70.132,70.253,0.665,SPEAKER_01
135,"like,",70.273,70.774,0.867,SPEAKER_01
136,I,71.648,71.828,0.638,SPEAKER_01
137,love,71.848,72.048,0.947,SPEAKER_01
138,"you,",72.088,72.249,0.944,SPEAKER_01
139,and,72.269,72.329,0.829,SPEAKER_01
140,this,72.349,72.449,0.814,SPEAKER_01
141,is,72.509,72.549,0.866,SPEAKER_01
142,the,72.589,72.649,0.881,SPEAKER_01
143,first,72.689,72.849,0.857,SPEAKER_01
144,time,72.889,73.009,0.181,SPEAKER_01
145,you,73.029,73.09,0.308,SPEAKER_01
146,told,73.11,73.29,0.406,SPEAKER_01
147,me,73.31,73.37,0.616,SPEAKER_01
148,you,73.39,73.47,0.584,SPEAKER_01
149,love,73.51,73.69,0.863,SPEAKER_01
150,me.,73.73,73.91,0.909,SPEAKER_01
151,And,74.791,74.851,0.662,SPEAKER_01
152,I,74.952,75.012,0.455,SPEAKER_01
153,was,75.052,75.152,0.771,SPEAKER_01
154,"like,",75.272,75.412,0.67,SPEAKER_01
155,what,76.914,77.214,0.445,SPEAKER_01
156,a,77.314,77.454,0.745,SPEAKER_01
157,moment.,77.594,78.155,0.919,SPEAKER_01
158,And,79.076,79.136,0.193,SPEAKER_01
159,"me,",79.176,79.436,0.95,SPEAKER_01
160,"like,",79.556,79.797,0.934,SPEAKER_01
161,sauce,79.837,80.678,0.438,SPEAKER_01
162,around,80.718,80.858,0.094,SPEAKER_01
163,my,80.878,80.998,0.522,SPEAKER_01
164,mouth.,81.018,81.599,0.513,SPEAKER_01
165,And,81.679,81.839,0.446,SPEAKER_01
166,I,82.459,82.58,0.553,SPEAKER_00
167,was,82.98,83.04,0.494,SPEAKER_01
168,"like,",83.08,83.2,0.491,SPEAKER_01
169,what?,83.38,83.861,0.599,SPEAKER_01
170,"Like,",83.881,84.181,0.846,SPEAKER_01
171,really,87.265,87.505,0.666,SPEAKER_01
172,just,87.545,87.785,0.766,SPEAKER_01
173,this,87.925,88.125,0.864,SPEAKER_01
174,moment.,88.286,88.646,0.875,SPEAKER_01
175,But,88.666,88.786,0.925,SPEAKER_01
176,do,89.087,89.287,0.988,SPEAKER_01
177,you,89.447,89.507,0.0,SPEAKER_01
178,know,89.527,89.607,0.0,SPEAKER_01
179,what?,89.627,89.727,0.0,SPEAKER_01
180,I,89.747,89.827,0.979,SPEAKER_01
181,love,89.887,90.108,0.879,SPEAKER_01
182,the,90.308,90.408,0.711,SPEAKER_01
183,way,90.448,90.688,0.798,SPEAKER_01
184,you,90.708,90.768,0.286,SPEAKER_01
185,just,90.808,91.009,0.893,SPEAKER_01
186,said,91.649,91.829,0.777,SPEAKER_01
187,it.,91.889,91.97,0.912,SPEAKER_01
188,"Like,",91.99,92.23,0.925,SPEAKER_01
189,I,92.81,92.871,0.922,SPEAKER_01
190,think,92.911,93.091,0.964,SPEAKER_01
191,that's,93.531,93.731,0.902,SPEAKER_01
192,definitely,93.852,94.793,0.306,SPEAKER_01
193,something,94.833,95.093,0.876,SPEAKER_01
194,that,95.133,95.213,0.48,SPEAKER_01
195,comes,95.834,96.054,0.78,SPEAKER_01
196,to,96.094,96.174,0.738,SPEAKER_01
197,mind,96.214,96.374,0.567,SPEAKER_01
198,when,96.394,96.494,0.844,SPEAKER_01
199,you,96.534,96.675,0.975,SPEAKER_01
200,ask,96.715,96.855,0.84,SPEAKER_01
201,me,96.895,96.955,0.946,SPEAKER_01
202,that,96.995,97.075,0.511,SPEAKER_01
203,question.,97.095,97.335,0.869,SPEAKER_01
204,I,97.375,97.415,0.163,SPEAKER_01
205,think,97.435,97.576,0.369,SPEAKER_01
206,the,97.836,97.936,0.984,SPEAKER_01
207,second,97.976,98.296,0.957,SPEAKER_01
208,"thing,",98.336,98.517,0.878,SPEAKER_01
209,"though,",98.557,98.817,0.441,SPEAKER_01
210,is,98.897,98.977,0.846,SPEAKER_01
211,when,99.037,100.879,0.903,SPEAKER_01
212,is,103.306,103.446,0.806,SPEAKER_01
213,when,103.527,103.687,0.988,SPEAKER_01
214,I,103.767,103.868,0.967,SPEAKER_01
215,found,103.928,104.188,0.851,SPEAKER_01
216,out,104.429,104.569,0.966,SPEAKER_01
217,that,104.61,106.033,0.655,SPEAKER_01
218,you,106.073,106.174,0.957,SPEAKER_01
219,had,106.214,106.314,0.922,SPEAKER_01
220,seen,106.374,106.575,0.779,SPEAKER_01
221,everything,106.595,107.176,0.868,SPEAKER_01
222,at,107.217,107.257,0.5,SPEAKER_01
223,Budapest.,107.858,108.52,0.713,SPEAKER_01
224,And,109.763,113.895,0.854,SPEAKER_01
225,there,113.915,114.035,0.781,SPEAKER_01
226,were,114.075,114.155,0.645,SPEAKER_01
227,some,114.195,114.316,0.862,SPEAKER_01
228,things,114.336,114.536,0.281,SPEAKER_01
229,you,114.556,114.617,0.261,SPEAKER_01
230,weren't,114.657,114.917,0.46,SPEAKER_01
231,supposed,114.978,115.78,0.445,SPEAKER_01
232,to,115.8,115.84,0.49,SPEAKER_01
233,see,116.301,116.361,0.004,SPEAKER_01
234,because,116.381,116.522,0.068,SPEAKER_01
235,they,116.542,116.642,0.896,SPEAKER_01
236,were,116.662,116.802,0.686,SPEAKER_01
237,highly,116.863,117.244,0.895,SPEAKER_01
238,embarrassing,117.324,118.066,0.947,SPEAKER_01
239,for,118.106,118.166,0.335,SPEAKER_01
240,me.,118.427,118.828,0.976,SPEAKER_01
241,"Yeah,",119.109,119.229,0.138,SPEAKER_01
242,they,119.249,119.329,0.122,SPEAKER_01
243,were.,119.349,119.61,0.499,SPEAKER_01
244,And,121.649,121.789,0.672,SPEAKER_01
245,the,121.829,121.909,0.947,SPEAKER_01
246,fact,121.969,122.11,0.741,SPEAKER_01
247,that,122.15,122.25,0.937,SPEAKER_01
248,you,122.27,122.41,0.747,SPEAKER_01
249,proposed,122.45,123.111,0.901,SPEAKER_01
250,after,123.832,124.013,0.936,SPEAKER_01
251,that,124.053,124.233,0.684,SPEAKER_01
252,"trip,",124.293,124.613,0.68,SPEAKER_01
253,not,124.914,125.094,0.819,SPEAKER_01
254,specifically,125.114,125.715,0.442,SPEAKER_01
255,straight,126.036,126.376,0.497,SPEAKER_01
256,"after,",126.476,127.157,0.663,SPEAKER_01
257,but,127.738,127.818,0.769,SPEAKER_01
258,the,127.858,127.918,0.974,SPEAKER_01
259,fact,127.958,128.079,0.752,SPEAKER_01
260,that,128.099,128.239,0.906,SPEAKER_01
261,a,128.68,128.72,0.912,SPEAKER_01
262,lot,128.78,128.92,0.888,SPEAKER_01
263,had,128.96,129.08,0.902,SPEAKER_01
264,gone,129.12,129.28,0.805,SPEAKER_01
265,down,129.341,129.521,0.923,SPEAKER_01
266,on,129.601,129.661,0.834,SPEAKER_01
267,that,129.681,129.841,0.806,SPEAKER_01
268,trip,129.881,130.142,0.893,SPEAKER_01
269,that,130.903,131.103,0.828,SPEAKER_01
270,neither,131.324,131.564,0.531,SPEAKER_01
271,of,131.624,131.664,0.994,SPEAKER_01
272,us,131.824,131.944,0.717,SPEAKER_01
273,had,132.165,132.285,0.957,SPEAKER_01
274,imagined.,132.325,132.886,0.896,SPEAKER_01
275,And,133.807,133.887,0.675,SPEAKER_01
276,I,133.947,133.967,0.981,SPEAKER_01
277,"think,",134.028,134.328,0.941,SPEAKER_01
278,"yeah,",135.33,135.57,0.638,SPEAKER_01
279,highly,135.71,135.97,0.859,SPEAKER_01
280,embarrassing.,136.031,136.672,0.916,SPEAKER_01
281,I,137.994,138.054,0.954,SPEAKER_01
282,"think,",138.074,138.314,0.91,SPEAKER_01
283,"yeah,",138.514,138.795,0.706,SPEAKER_01
284,that's,138.935,139.135,0.793,SPEAKER_01
285,when,139.175,139.275,0.516,SPEAKER_01
286,I,139.336,139.396,0.968,SPEAKER_01
287,"knew,",139.416,139.696,0.694,SPEAKER_01
288,"wow,",140.297,140.497,0.709,SPEAKER_01
289,this,140.557,140.698,0.89,SPEAKER_01
290,man's,141.078,141.278,0.604,SPEAKER_01
291,really,141.319,141.519,0.897,SPEAKER_01
292,in,141.559,141.599,0.742,SPEAKER_01
293,love,141.639,141.779,0.372,SPEAKER_01
294,with,141.799,141.879,0.001,SPEAKER_01
295,me,141.899,141.939,0.511,SPEAKER_01
296,because,141.959,142.12,0.785,SPEAKER_01
297,he,142.16,142.22,0.985,SPEAKER_01
298,wants,142.26,142.44,0.564,SPEAKER_01
299,to,142.48,142.54,0.716,SPEAKER_01
300,marry,142.6,142.841,0.942,SPEAKER_01
301,me,142.861,143.001,0.784,SPEAKER_01
302,even,143.021,143.301,0.818,SPEAKER_01
303,though,143.342,143.742,0.319,SPEAKER_01
304,he's,145.084,145.204,0.574,SPEAKER_01
305,seen,145.244,145.525,0.368,SPEAKER_01
306,all,145.545,145.605,0.005,SPEAKER_01
307,of,145.625,145.665,0.004,SPEAKER_01
308,that.,145.685,146.186,0.301,SPEAKER_01
309,We,146.206,146.326,0.734,SPEAKER_01
310,never,146.346,146.526,0.738,SPEAKER_01
311,"lack,",146.586,146.947,0.716,SPEAKER_01
312,even,147.308,147.528,0.33,SPEAKER_01
313,when,147.548,147.668,0.503,SPEAKER_01
314,we're,147.688,147.828,0.554,SPEAKER_01
315,"lacking,",147.848,148.369,0.198,SPEAKER_01
316,we,148.389,148.429,0.248,SPEAKER_01
317,never,148.449,148.65,0.693,SPEAKER_01
318,lack.,148.69,148.99,0.656,SPEAKER_01
319,My,150.134,150.515,0.802,SPEAKER_01
320,biggest,150.555,151.035,0.644,SPEAKER_01
321,fear,151.055,151.296,0.658,SPEAKER_01
322,about,151.376,151.676,0.996,SPEAKER_01
323,us,151.816,151.957,0.828,SPEAKER_01
324,is,152.257,152.377,0.834,SPEAKER_01
325,blank,152.417,153.238,0.921,SPEAKER_01
326,because,154.0,154.58,0.91,SPEAKER_01
327,blank.,154.62,163.954,0.947,SPEAKER_01
328,I,163.974,163.994,0.005,SPEAKER_01
329,must,164.014,164.214,0.532,SPEAKER_01
330,get,164.234,164.715,0.792,SPEAKER_01
331,that.,167.539,167.659,0.343,SPEAKER_01
332,About,167.699,168.06,0.369,SPEAKER_00
333,us.,168.08,168.28,0.905,SPEAKER_00
334,Yeah.,168.541,169.382,0.434,SPEAKER_01
335,My,169.402,169.502,0.94,SPEAKER_01
336,biggest,169.542,169.782,0.582,SPEAKER_01
337,fear,169.802,170.003,0.675,SPEAKER_01
338,about,170.043,170.263,0.942,SPEAKER_01
339,us,170.423,170.564,0.68,SPEAKER_01
340,is,171.064,171.205,0.82,SPEAKER_01
341,because.,171.245,173.408,0.856,SPEAKER_01
342,Okay.,173.468,179.837,0.688,SPEAKER_01
343,My,181.893,182.914,0.706,SPEAKER_01
344,biggest,183.014,183.375,0.882,SPEAKER_01
345,fear,183.515,183.855,0.807,SPEAKER_01
346,about,183.875,185.057,0.888,SPEAKER_01
347,us,185.397,185.518,0.862,SPEAKER_01
348,is,187.32,187.54,0.867,SPEAKER_01
349,that,187.58,191.765,0.992,SPEAKER_01
350,we,191.885,192.046,0.975,SPEAKER_01
351,won't,192.126,192.346,0.818,SPEAKER_01
352,break,192.446,192.646,0.907,SPEAKER_01
353,the,192.686,192.827,0.705,SPEAKER_01
354,cycle,192.887,193.287,0.925,SPEAKER_01
355,because,195.75,196.291,0.837,SPEAKER_01
356,as,196.331,201.758,0.991,SPEAKER_01
357,much,201.898,202.078,0.85,SPEAKER_01
358,as,202.138,202.198,0.98,SPEAKER_01
359,I,202.278,202.339,0.889,SPEAKER_01
360,love,202.579,202.779,0.763,SPEAKER_01
361,the,202.819,202.919,0.814,SPEAKER_01
362,love,202.959,203.14,0.974,SPEAKER_01
363,my,203.18,203.28,0.994,SPEAKER_01
364,parents,203.34,203.68,0.9,SPEAKER_01
365,"have,",203.78,204.101,0.972,SPEAKER_01
366,they,205.262,205.382,0.794,SPEAKER_01
367,are,205.422,205.503,0.8,SPEAKER_01
368,very,205.663,205.923,0.842,SPEAKER_01
369,isolated,206.183,206.804,0.861,SPEAKER_01
370,as,206.844,207.685,0.903,SPEAKER_01
371,a,207.725,207.745,0.143,SPEAKER_01
372,consequence,207.885,208.426,0.959,SPEAKER_01
373,of,208.466,208.526,0.954,SPEAKER_01
374,how,208.586,208.686,0.995,SPEAKER_01
375,much,208.727,208.847,1.0,SPEAKER_01
376,they,208.887,208.987,0.779,SPEAKER_01
377,love,209.047,209.187,0.984,SPEAKER_01
378,each,209.227,209.347,0.753,SPEAKER_01
379,other.,209.427,209.908,0.946,SPEAKER_01
380,Do,210.648,210.688,0.0,SPEAKER_01
381,you,210.708,210.768,0.0,SPEAKER_01
382,know,210.788,210.868,0.0,SPEAKER_01
383,what,210.888,210.968,0.012,SPEAKER_01
384,I,210.988,211.008,0.0,SPEAKER_01
385,mean?,211.028,211.129,0.003,SPEAKER_01
386,"Like,",211.149,211.269,0.746,SPEAKER_01
387,I,211.369,211.409,0.986,SPEAKER_01
388,remember,211.429,211.689,0.752,SPEAKER_01
389,being,211.729,211.91,0.908,SPEAKER_01
390,very,211.95,212.15,0.818,SPEAKER_01
391,young,212.23,212.47,0.779,SPEAKER_01
392,and,212.63,212.71,0.789,SPEAKER_01
393,my,212.731,212.851,0.869,SPEAKER_01
394,mum,212.931,213.131,0.763,SPEAKER_01
395,having,213.151,213.351,0.883,SPEAKER_01
396,loads,213.411,213.772,0.662,SPEAKER_01
397,of,213.832,213.912,0.905,SPEAKER_01
398,friends,213.952,214.192,0.684,SPEAKER_01
399,and,214.252,214.312,0.442,SPEAKER_01
400,my,214.332,214.453,0.748,SPEAKER_01
401,dad,214.493,214.713,0.818,SPEAKER_01
402,having,214.753,214.973,0.95,SPEAKER_01
403,loads,215.073,215.294,0.684,SPEAKER_01
404,of,215.374,215.454,0.906,SPEAKER_01
405,friends,215.514,215.814,0.786,SPEAKER_01
406,and,215.894,215.974,0.845,SPEAKER_01
407,in,217.296,217.416,0.92,SPEAKER_01
408,my,217.757,217.857,0.971,SPEAKER_01
409,"community,",217.897,218.237,0.907,SPEAKER_01
410,everyone,218.297,218.558,0.856,SPEAKER_01
411,is,218.598,218.658,0.891,SPEAKER_01
412,uncle,218.738,218.958,0.934,SPEAKER_01
413,and,218.998,219.058,0.856,SPEAKER_01
414,"auntie,",219.138,219.298,0.322,SPEAKER_01
415,do,219.318,219.359,0.0,SPEAKER_01
416,you,219.379,219.439,0.31,SPEAKER_01
417,know,219.459,219.539,0.002,SPEAKER_01
418,what,219.559,219.639,0.004,SPEAKER_01
419,I,219.659,219.679,0.001,SPEAKER_01
420,mean?,219.699,219.799,0.199,SPEAKER_01
421,But,219.819,219.879,0.375,SPEAKER_01
422,"like,",219.899,220.079,0.678,SPEAKER_00
423,they're,220.26,220.46,0.648,SPEAKER_00
424,everywhere.,220.52,220.86,0.604,SPEAKER_01
425,I've,220.88,220.981,0.709,SPEAKER_01
426,got,221.001,221.161,0.681,SPEAKER_01
427,so,221.561,221.721,0.869,SPEAKER_01
428,many,221.761,221.982,0.893,SPEAKER_01
429,like,222.022,222.242,0.957,SPEAKER_01
430,friends,222.522,222.743,0.689,SPEAKER_01
431,across,222.823,223.103,0.91,SPEAKER_01
432,the,223.123,223.223,0.895,SPEAKER_01
433,city,223.263,223.584,0.152,SPEAKER_01
434,that,223.604,223.724,0.61,SPEAKER_01
435,are,223.764,223.844,0.897,SPEAKER_01
436,like,223.884,224.044,0.849,SPEAKER_01
437,"cousins,",224.164,224.585,0.948,SPEAKER_01
438,but,224.705,224.805,0.972,SPEAKER_01
439,they're,224.825,225.005,0.865,SPEAKER_01
440,just,225.045,225.146,0.996,SPEAKER_01
441,like,225.186,225.346,0.607,SPEAKER_00
442,my,225.366,225.466,0.734,SPEAKER_01
443,mum's,225.506,225.706,0.656,SPEAKER_01
444,bredrins,225.726,226.127,0.698,SPEAKER_01
445,kids,226.167,226.407,0.829,SPEAKER_01
446,and,226.487,226.567,0.921,SPEAKER_00
447,my,226.587,226.687,0.866,SPEAKER_00
448,dad's,226.727,226.928,0.751,SPEAKER_00
449,bredrins,226.948,227.308,0.694,SPEAKER_01
450,kids.,227.388,227.589,0.688,SPEAKER_00
451,But,228.189,228.309,0.925,SPEAKER_01
452,"like,",228.349,228.57,0.947,SPEAKER_01
453,now,229.851,229.971,0.976,SPEAKER_01
454,in,230.051,230.112,0.993,SPEAKER_01
455,their,230.132,230.292,0.777,SPEAKER_01
456,"sixties,",230.352,230.893,0.813,SPEAKER_01
457,they,231.053,231.153,0.621,SPEAKER_01
458,don't,231.193,231.313,0.875,SPEAKER_01
459,have,231.433,231.593,0.969,SPEAKER_01
460,that.,231.653,231.794,0.704,SPEAKER_01
461,And,231.814,231.874,0.609,SPEAKER_01
462,I,231.934,232.014,0.896,SPEAKER_01
463,like,232.054,232.234,0.939,SPEAKER_01
464,watch,232.535,232.875,0.899,SPEAKER_01
465,them,232.915,233.115,0.932,SPEAKER_01
466,sacrifice,233.856,234.457,0.901,SPEAKER_01
467,that,234.497,234.677,0.914,SPEAKER_01
468,along,234.897,235.138,0.841,SPEAKER_01
469,the,235.198,235.278,0.823,SPEAKER_01
470,way,235.318,235.458,0.861,SPEAKER_01
471,for,235.618,235.738,0.757,SPEAKER_01
472,the,235.798,235.859,0.992,SPEAKER_01
473,sake,235.899,236.059,0.778,SPEAKER_01
474,of,236.099,236.139,0.985,SPEAKER_01
475,their,236.159,236.279,0.923,SPEAKER_01
476,relationship.,236.319,236.72,0.786,SPEAKER_01
477,A,236.74,236.78,0.903,SPEAKER_01
478,lot,236.82,236.96,0.827,SPEAKER_01
479,of,237.0,237.04,0.925,SPEAKER_01
480,it,237.12,237.18,0.977,SPEAKER_01
481,"was,",237.22,237.921,0.941,SPEAKER_01
482,for,238.39,238.55,0.932,SPEAKER_01
483,the,238.59,238.65,0.997,SPEAKER_01
484,greater,238.69,238.891,0.582,SPEAKER_01
485,good.,238.951,239.151,0.748,SPEAKER_01
486,And,239.311,239.391,0.946,SPEAKER_01
487,we,239.452,239.572,0.96,SPEAKER_01
488,have,239.612,239.732,0.823,SPEAKER_01
489,had,239.772,239.892,0.942,SPEAKER_01
490,situations,239.932,240.593,0.88,SPEAKER_01
491,where,240.633,240.974,0.848,SPEAKER_01
492,we,241.014,242.035,0.948,SPEAKER_01
493,have,242.055,242.176,0.978,SPEAKER_01
494,had,242.236,242.396,0.805,SPEAKER_01
495,to,242.456,242.536,0.782,SPEAKER_01
496,let,242.616,242.756,0.939,SPEAKER_01
497,friends,242.837,243.117,0.69,SPEAKER_01
498,go,243.217,243.397,0.988,SPEAKER_01
499,because,243.437,243.738,0.715,SPEAKER_01
500,they,243.778,243.858,0.965,SPEAKER_01
501,were,243.898,244.038,0.858,SPEAKER_01
502,actually,244.118,244.559,0.755,SPEAKER_01
503,demonstrating,244.599,246.001,0.853,SPEAKER_01
504,behaviors,246.061,246.502,0.839,SPEAKER_01
505,that,246.522,246.622,0.984,SPEAKER_01
506,were,246.662,246.782,0.865,SPEAKER_01
507,really,246.842,247.043,0.896,SPEAKER_01
508,big,247.183,247.383,0.982,SPEAKER_01
509,red,247.443,247.644,0.873,SPEAKER_01
510,flags.,247.704,248.064,0.94,SPEAKER_01
511,But,248.625,248.725,0.163,SPEAKER_00
512,"like,",248.745,249.066,0.62,SPEAKER_01
513,that,249.426,249.586,0.969,SPEAKER_01
514,really,249.847,250.167,0.682,SPEAKER_01
515,concerns,250.267,250.868,0.851,SPEAKER_01
516,me,250.948,251.149,0.916,SPEAKER_01
517,"where,",252.01,252.471,0.698,SPEAKER_01
518,for,254.714,254.814,0.916,SPEAKER_01
519,"example,",254.874,255.215,0.887,SPEAKER_01
520,when,255.275,255.375,0.757,SPEAKER_01
521,that,255.415,255.515,0.862,SPEAKER_01
522,was,255.555,255.635,0.985,SPEAKER_01
523,your,255.675,255.916,0.842,SPEAKER_01
524,"friend,",255.976,256.336,0.714,SPEAKER_01
525,I,257.137,257.198,0.983,SPEAKER_01
526,was,257.218,257.318,0.668,SPEAKER_01
527,really,257.418,257.658,0.684,SPEAKER_01
528,worried,257.698,257.999,0.8,SPEAKER_01
529,about,258.059,258.319,0.889,SPEAKER_01
530,my,258.58,258.78,0.912,SPEAKER_01
531,influence,258.86,259.321,0.91,SPEAKER_01
532,and,259.381,259.441,0.864,SPEAKER_01
533,like,259.521,259.601,0.248,SPEAKER_01
534,my,259.761,259.962,0.966,SPEAKER_01
535,opinions,260.022,260.522,0.747,SPEAKER_01
536,on,260.623,260.703,0.988,SPEAKER_01
537,that,260.743,261.083,0.917,SPEAKER_01
538,person's,261.143,261.524,0.782,SPEAKER_01
539,behavior,261.584,261.985,0.745,SPEAKER_01
540,and,262.045,262.105,0.96,SPEAKER_01
541,how,262.165,262.265,0.966,SPEAKER_01
542,they,262.305,262.405,0.803,SPEAKER_01
543,were,262.425,262.545,0.864,SPEAKER_01
544,carrying,262.585,262.906,0.902,SPEAKER_01
545,themselves,262.946,263.226,0.45,SPEAKER_01
546,because,263.266,263.447,0.784,SPEAKER_00
547,I,263.507,263.567,0.941,SPEAKER_00
548,didn't,263.607,263.907,0.673,SPEAKER_01
549,want,263.987,264.168,0.856,SPEAKER_01
550,you,264.668,264.829,0.91,SPEAKER_01
551,to,264.869,264.929,0.894,SPEAKER_01
552,make,264.969,265.109,0.873,SPEAKER_01
553,a,265.169,265.189,0.996,SPEAKER_01
554,decision,265.249,265.65,0.895,SPEAKER_01
555,because,265.69,265.99,0.627,SPEAKER_01
556,of,266.01,266.05,0.994,SPEAKER_01
557,how,266.111,266.231,0.89,SPEAKER_01
558,I,266.311,266.371,0.863,SPEAKER_01
559,see,266.411,266.571,0.603,SPEAKER_01
560,things.,266.611,267.132,0.941,SPEAKER_01
561,if,267.922,268.062,0.55,SPEAKER_01
562,that,268.082,268.162,0.936,SPEAKER_01
563,makes,268.202,268.363,0.41,SPEAKER_01
564,"sense,",268.383,268.563,0.712,SPEAKER_01
565,because,268.623,268.803,0.65,SPEAKER_01
566,I,268.843,268.903,0.263,SPEAKER_01
567,have,268.943,269.063,0.903,SPEAKER_01
568,seen,269.184,269.424,0.735,SPEAKER_01
569,my,269.444,269.484,0.498,SPEAKER_01
570,parents,269.885,270.205,0.784,SPEAKER_01
571,do,270.225,270.345,0.937,SPEAKER_01
572,that.,270.385,270.525,0.851,SPEAKER_01
573,I've,270.565,270.766,0.815,SPEAKER_01
574,seen,270.806,271.006,0.775,SPEAKER_01
575,my,271.066,271.186,0.986,SPEAKER_01
576,mum,271.266,271.507,0.957,SPEAKER_01
577,let,271.807,271.967,0.982,SPEAKER_01
578,go,272.007,272.147,0.978,SPEAKER_01
579,of,272.228,272.308,0.683,SPEAKER_01
580,friends,272.348,272.648,0.718,SPEAKER_01
581,because,272.748,272.949,0.934,SPEAKER_01
582,my,273.009,273.129,0.897,SPEAKER_01
583,dad,273.169,273.409,0.828,SPEAKER_01
584,was,273.449,273.569,0.882,SPEAKER_01
585,"like,",273.609,273.87,0.944,SPEAKER_01
586,I'm,274.03,274.15,0.969,SPEAKER_01
587,not,274.19,274.31,0.923,SPEAKER_01
588,feeling,274.33,274.591,0.874,SPEAKER_01
589,it.,274.651,274.711,0.916,SPEAKER_01
590,And,275.432,275.492,0.396,SPEAKER_01
591,it's,275.552,275.632,0.426,SPEAKER_01
592,"like,",275.692,276.193,0.61,SPEAKER_01
593,I,276.213,276.273,0.887,SPEAKER_01
594,get,276.293,276.433,0.859,SPEAKER_01
595,it.,276.513,276.573,0.843,SPEAKER_01
596,"Like,",276.733,276.854,0.592,SPEAKER_01
597,you,277.715,277.775,0.209,SPEAKER_00
598,probably,277.795,278.035,0.863,SPEAKER_01
599,should,278.095,278.295,0.742,SPEAKER_01
600,do,278.356,278.476,0.954,SPEAKER_01
601,that.,278.536,278.756,0.975,SPEAKER_01
602,But,279.457,279.557,0.83,SPEAKER_01
603,sometimes,279.597,279.918,0.76,SPEAKER_01
604,I,279.958,279.998,0.966,SPEAKER_01
605,just,280.038,280.158,0.872,SPEAKER_01
606,wish,280.218,280.338,0.987,SPEAKER_01
607,for,280.378,280.478,0.982,SPEAKER_01
608,more,280.498,280.618,0.763,SPEAKER_01
609,excitement,280.679,281.119,0.842,SPEAKER_01
610,in,281.159,281.199,0.853,SPEAKER_01
611,their,281.239,281.359,0.771,SPEAKER_01
612,lives,281.399,281.58,0.832,SPEAKER_01
613,that,281.62,281.72,0.936,SPEAKER_01
614,I,281.74,281.78,0.777,SPEAKER_01
615,feel,281.84,281.98,0.207,SPEAKER_01
616,they,282.02,282.1,0.997,SPEAKER_01
617,would,282.12,282.261,0.824,SPEAKER_01
618,have,282.341,282.621,0.797,SPEAKER_01
619,if,282.841,282.901,0.998,SPEAKER_01
620,they,282.941,283.062,0.867,SPEAKER_01
621,had,283.142,283.402,0.973,SPEAKER_01
622,more,284.143,284.323,0.818,SPEAKER_01
623,friends.,284.383,284.684,0.834,SPEAKER_01
624,Whereas,285.405,285.665,0.623,SPEAKER_01
625,now,285.705,285.945,0.808,SPEAKER_01
626,I,286.005,286.066,0.768,SPEAKER_01
627,feel,286.086,286.226,0.437,SPEAKER_01
628,like,286.246,286.386,0.836,SPEAKER_01
629,my,286.426,286.506,0.938,SPEAKER_01
630,mum's,286.546,286.807,0.622,SPEAKER_01
631,life,286.907,287.167,0.858,SPEAKER_01
632,is,287.387,287.507,0.822,SPEAKER_01
633,my,287.788,287.928,0.851,SPEAKER_01
634,dad,287.968,288.208,0.8,SPEAKER_01
635,and,288.389,288.469,0.748,SPEAKER_01
636,his,288.529,288.649,0.626,SPEAKER_01
637,friends.,288.709,289.029,0.713,SPEAKER_01
638,I,289.73,289.75,0.56,SPEAKER_01
639,don't,289.81,289.911,0.799,SPEAKER_01
640,know.,289.931,290.051,0.749,SPEAKER_01
641,I,290.211,290.251,0.902,SPEAKER_01
642,want,290.311,290.471,0.518,SPEAKER_01
643,more,290.511,290.652,0.895,SPEAKER_01
644,for,290.692,290.772,0.845,SPEAKER_01
645,her.,290.832,290.972,0.903,SPEAKER_01
646,And,291.453,291.553,0.865,SPEAKER_01
647,I,291.613,291.653,0.971,SPEAKER_01
648,want,291.713,291.853,0.836,SPEAKER_01
649,more,291.873,292.013,0.863,SPEAKER_01
650,for,292.053,292.153,0.962,SPEAKER_01
651,me.,292.194,292.354,0.498,SPEAKER_01
652,I,292.374,292.394,0.443,SPEAKER_01
653,want,292.414,292.534,0.672,SPEAKER_01
654,more,292.554,292.694,0.808,SPEAKER_01
655,for,292.734,292.834,0.836,SPEAKER_01
656,"us,",292.954,293.075,0.961,SPEAKER_01
657,if,293.395,293.495,0.471,SPEAKER_00
658,that,293.515,293.675,0.178,SPEAKER_00
659,makes,293.695,293.876,0.275,SPEAKER_00
660,sense.,293.896,294.056,0.501,SPEAKER_01
661,So,294.076,294.236,0.921,SPEAKER_01
662,as,294.276,294.957,0.814,SPEAKER_01
663,much,295.017,295.157,0.972,SPEAKER_01
664,as,295.217,295.278,0.949,SPEAKER_01
665,she,295.358,295.538,0.613,SPEAKER_01
666,is,295.618,295.678,0.922,SPEAKER_01
667,"satisfied,",295.738,296.319,0.945,SPEAKER_01
668,I,296.399,296.459,0.883,SPEAKER_01
669,"want,",296.499,297.22,0.688,SPEAKER_01
670,our,297.824,298.064,0.837,SPEAKER_01
671,relationship,298.104,298.645,0.918,SPEAKER_01
672,to,298.665,298.705,0.7,SPEAKER_01
673,be,298.725,298.825,0.889,SPEAKER_01
674,more,298.885,299.006,0.376,SPEAKER_01
675,than,299.026,299.206,0.512,SPEAKER_01
676,that.,299.226,299.326,0.4,SPEAKER_01
677,I,299.426,299.486,0.939,SPEAKER_01
678,want,299.526,299.707,0.842,SPEAKER_01
679,our,299.807,299.887,0.846,SPEAKER_01
680,relationship,299.927,300.548,0.788,SPEAKER_01
681,to,300.588,300.688,0.986,SPEAKER_01
682,be,300.748,300.968,0.988,SPEAKER_01
683,a,301.469,301.509,0.985,SPEAKER_01
684,foundation,301.589,302.13,0.893,SPEAKER_01
685,of,302.17,302.23,0.742,SPEAKER_01
686,community.,302.35,302.971,0.868,SPEAKER_01
687,Do,303.171,303.252,0.168,SPEAKER_01
688,you,303.272,303.332,0.241,SPEAKER_01
689,know,304.293,304.373,0.0,SPEAKER_01
690,what,304.393,304.473,0.038,SPEAKER_01
691,I,304.493,304.513,0.033,SPEAKER_01
692,mean?,304.533,304.634,0.117,SPEAKER_01
693,I,304.654,304.714,0.921,SPEAKER_01
694,want,304.754,304.914,0.893,SPEAKER_01
695,people,305.074,305.294,0.909,SPEAKER_01
696,to,305.314,305.375,0.526,SPEAKER_01
697,be,305.415,305.515,0.978,SPEAKER_01
698,around.,305.555,305.835,0.829,SPEAKER_01
699,We,305.895,306.096,0.779,SPEAKER_01
700,enjoy,306.196,306.496,0.909,SPEAKER_01
701,"hosting,",306.516,306.977,0.828,SPEAKER_01
702,we,306.997,307.117,0.964,SPEAKER_01
703,enjoy,307.157,307.397,0.99,SPEAKER_01
704,having,307.437,307.678,0.714,SPEAKER_01
705,people,307.718,307.958,0.784,SPEAKER_01
706,around.,308.018,308.239,0.861,SPEAKER_01
707,But,309.46,309.681,0.992,SPEAKER_01
708,I,310.081,310.141,0.581,SPEAKER_01
709,don't,310.181,310.321,0.713,SPEAKER_01
710,play,310.362,310.542,0.821,SPEAKER_01
711,about,310.582,310.762,0.982,SPEAKER_01
712,you,310.802,310.942,0.95,SPEAKER_01
713,and,310.982,311.443,0.918,SPEAKER_01
714,I'm,311.703,312.765,0.836,SPEAKER_01
715,not,312.785,312.885,0.813,SPEAKER_01
716,prepared,312.925,313.165,0.97,SPEAKER_01
717,to,313.205,313.246,0.984,SPEAKER_01
718,watch,313.286,313.486,0.466,SPEAKER_01
719,other,313.506,313.606,0.543,SPEAKER_01
720,people,313.666,313.906,0.854,SPEAKER_01
721,play,313.967,314.127,0.879,SPEAKER_01
722,around,314.187,314.407,0.957,SPEAKER_01
723,with,314.447,314.567,0.982,SPEAKER_01
724,you,314.607,314.808,0.977,SPEAKER_01
725,or,315.048,315.108,0.996,SPEAKER_01
726,your,315.148,315.248,0.786,SPEAKER_01
727,family.,315.308,315.709,0.981,SPEAKER_01
728,I,316.11,316.17,0.901,SPEAKER_01
729,won't,316.21,316.37,0.827,SPEAKER_01
730,have,316.43,316.53,0.764,SPEAKER_01
731,it.,316.63,316.69,0.998,SPEAKER_01
732,So,317.512,317.652,0.84,SPEAKER_01
733,do,317.672,317.712,0.482,SPEAKER_01
734,you,317.792,317.992,0.443,SPEAKER_01
735,know,318.012,318.293,0.443,SPEAKER_01
736,what,318.413,318.493,0.174,SPEAKER_01
737,I,318.593,318.653,0.39,SPEAKER_01
738,mean?,318.933,320.035,0.388,SPEAKER_01
739,It's,320.015,320.476,0.752,SPEAKER_01
740,a,320.496,320.516,0.72,SPEAKER_01
741,really,320.576,320.756,0.86,SPEAKER_01
742,fine,320.776,321.116,0.955,SPEAKER_01
743,line.,321.196,321.417,0.891,SPEAKER_01
744,I,321.497,321.537,0.949,SPEAKER_01
745,don't,321.577,321.697,0.702,SPEAKER_01
746,want,321.757,321.857,0.642,SPEAKER_01
747,to,321.897,321.957,0.825,SPEAKER_01
748,be,321.997,322.077,0.944,SPEAKER_01
749,the,322.117,322.177,0.982,SPEAKER_01
750,reason,322.237,322.498,0.693,SPEAKER_01
751,that,322.538,322.818,0.63,SPEAKER_01
752,people,323.419,323.659,0.861,SPEAKER_01
753,you,323.699,323.879,0.642,SPEAKER_01
754,love,323.939,324.2,0.958,SPEAKER_01
755,"leave,",324.6,325.461,0.59,SPEAKER_01
756,if,325.481,325.561,0.6,SPEAKER_01
757,that,325.601,325.701,0.913,SPEAKER_01
758,makes,325.741,325.882,0.793,SPEAKER_01
759,sense.,325.922,326.182,0.955,SPEAKER_01
760,But,326.682,326.803,0.956,SPEAKER_01
761,"yeah,",326.823,327.583,0.822,SPEAKER_01
762,that's,327.924,328.084,0.872,SPEAKER_01
763,a,328.144,328.164,0.503,SPEAKER_01
764,fear,328.224,328.424,0.674,SPEAKER_01
765,of,328.484,328.525,0.99,SPEAKER_01
766,mine.,328.585,328.765,0.376,SPEAKER_01
767,I'm,328.785,328.845,0.074,SPEAKER_01
768,"like,",328.865,329.005,0.485,SPEAKER_01
769,I,329.025,329.065,0.981,SPEAKER_01
770,don't,329.105,329.245,0.823,SPEAKER_01
771,ever,329.345,329.506,0.962,SPEAKER_01
772,want,329.546,329.706,0.809,SPEAKER_01
773,to,329.726,329.766,0.489,SPEAKER_01
774,impose,331.448,331.828,0.933,SPEAKER_01
775,my,331.928,332.089,0.952,SPEAKER_01
776,moral,332.149,332.389,0.849,SPEAKER_01
777,system,332.449,332.749,0.94,SPEAKER_01
778,on,332.849,332.929,0.915,SPEAKER_01
779,you.,332.949,333.15,0.759,SPEAKER_01
780,I,333.17,333.19,0.971,SPEAKER_01
781,want,333.21,333.31,0.69,SPEAKER_01
782,you,333.35,333.43,0.983,SPEAKER_01
783,to,333.47,333.51,0.978,SPEAKER_01
784,always,333.63,333.871,0.822,SPEAKER_01
785,have,333.931,334.031,0.998,SPEAKER_01
786,your,334.071,334.211,0.964,SPEAKER_01
787,"own,",334.291,334.411,0.941,SPEAKER_01
788,have,334.471,334.571,0.997,SPEAKER_01
789,your,334.591,334.711,0.807,SPEAKER_01
790,own,334.772,334.872,0.841,SPEAKER_01
791,identity.,334.932,335.492,0.964,SPEAKER_01
792,Yeah.,336.393,337.114,0.368,SPEAKER_01
793,That's,339.757,339.897,0.737,SPEAKER_01
794,a,339.957,340.017,0.802,SPEAKER_01
795,set,340.077,340.278,0.576,SPEAKER_01
796,of,340.298,340.378,0.62,SPEAKER_01
797,answers.,340.518,342.36,0.64,SPEAKER_01
798,When,353.326,353.486,0.606,SPEAKER_01
799,was,353.526,353.606,0.812,SPEAKER_01
800,the,353.646,353.706,0.893,SPEAKER_01
801,last,353.746,353.907,0.725,SPEAKER_01
802,time,353.967,354.127,0.6,SPEAKER_01
803,you,354.167,354.307,0.776,SPEAKER_01
804,were,354.327,354.507,0.714,SPEAKER_01
805,worried,354.547,354.848,0.849,SPEAKER_01
806,about,354.928,355.168,0.992,SPEAKER_01
807,me,355.208,355.308,0.891,SPEAKER_01
808,and,356.209,356.41,0.868,SPEAKER_01
809,why?,356.81,357.11,0.877,SPEAKER_01
810,I'll,371.487,371.627,0.467,SPEAKER_01
811,start,371.667,371.968,0.593,SPEAKER_01
812,off,371.988,372.128,0.558,SPEAKER_01
813,by,372.188,372.308,0.992,SPEAKER_01
814,saying,372.388,372.789,0.654,SPEAKER_01
815,I,372.809,372.829,0.997,SPEAKER_01
816,haven't,374.35,374.611,0.911,SPEAKER_01
817,been,374.631,374.771,0.97,SPEAKER_01
818,worried,374.831,375.071,0.865,SPEAKER_01
819,about,375.111,375.312,0.887,SPEAKER_01
820,you,375.352,375.512,0.876,SPEAKER_01
821,in,375.532,375.572,0.498,SPEAKER_01
822,a,376.052,376.072,0.001,SPEAKER_01
823,really,376.093,376.273,0.506,SPEAKER_01
824,long,376.313,376.473,0.895,SPEAKER_01
825,time.,376.533,376.974,0.889,SPEAKER_01
826,"Oh,",376.994,377.334,0.594,SPEAKER_01
827,great.,377.414,377.774,0.879,SPEAKER_01
828,"Yeah,",377.955,378.235,0.608,SPEAKER_01
829,which,379.156,379.316,0.989,SPEAKER_01
830,is,379.376,379.436,0.71,SPEAKER_01
831,wonderful.,379.476,380.818,0.873,SPEAKER_01
832,I,381.423,381.723,0.799,SPEAKER_01
833,am,381.743,381.824,0.928,SPEAKER_01
834,naturally,381.904,382.324,0.836,SPEAKER_01
835,a,382.404,382.464,0.923,SPEAKER_01
836,"worrier,",382.565,383.005,0.946,SPEAKER_01
837,so,383.906,384.067,0.818,SPEAKER_01
838,the,385.028,385.108,0.989,SPEAKER_01
839,fact,385.148,385.268,0.902,SPEAKER_01
840,that,385.288,385.368,0.445,SPEAKER_01
841,I,385.408,385.428,0.029,SPEAKER_01
842,haven't,385.468,385.849,0.656,SPEAKER_01
843,worried,385.889,386.169,0.881,SPEAKER_01
844,about,386.209,386.45,0.99,SPEAKER_01
845,you,386.49,386.73,0.685,SPEAKER_01
846,is,386.77,386.81,0.498,SPEAKER_01
847,a,388.332,388.352,0.187,SPEAKER_01
848,really,388.412,388.593,0.764,SPEAKER_01
849,good,388.633,388.773,0.92,SPEAKER_01
850,thing.,388.833,389.073,0.958,SPEAKER_01
851,I,397.825,397.885,0.989,
852,think,398.025,398.386,0.95,SPEAKER_01
853,this,401.349,401.51,0.988,SPEAKER_01
854,was,401.55,401.67,0.83,SPEAKER_01
855,a,401.73,401.75,0.953,SPEAKER_01
856,long,401.81,401.97,0.954,SPEAKER_01
857,time,402.03,402.271,0.901,SPEAKER_01
858,"ago,",402.331,402.591,0.967,SPEAKER_01
859,but,402.631,402.711,0.562,SPEAKER_01
860,I,402.791,402.851,0.894,SPEAKER_01
861,think,402.912,403.152,0.946,SPEAKER_01
862,it,403.432,403.492,0.964,SPEAKER_01
863,was,403.532,403.652,0.862,SPEAKER_01
864,when,403.693,403.853,0.871,SPEAKER_01
865,you,403.913,406.536,0.969,SPEAKER_01
866,told,406.576,406.717,0.62,SPEAKER_01
867,me,406.757,406.837,0.973,SPEAKER_01
868,you,406.857,406.957,0.108,SPEAKER_01
869,felt,406.997,407.257,0.593,SPEAKER_01
870,suicidal.,407.277,407.818,0.545,SPEAKER_01
871,I,411.072,411.212,0.826,SPEAKER_01
872,"mean,",411.232,411.352,0.545,SPEAKER_01
873,that's,411.392,411.532,0.492,SPEAKER_01
874,fair.,411.552,412.593,0.687,SPEAKER_01
875,Yeah.,412.613,413.574,0.695,SPEAKER_01
876,Yeah.,413.594,413.715,0.457,SPEAKER_01
877,And,413.815,413.935,0.695,SPEAKER_01
878,I,414.095,414.215,0.77,SPEAKER_01
879,know,414.515,414.595,0.24,SPEAKER_01
880,this,415.576,415.736,0.961,SPEAKER_01
881,"feeling,",415.877,416.237,0.859,SPEAKER_01
882,that,416.297,417.078,0.839,SPEAKER_01
883,feeling,417.158,417.478,0.876,SPEAKER_01
884,for,417.518,417.638,0.904,SPEAKER_01
885,you,417.698,417.879,0.8,SPEAKER_01
886,was,418.619,418.759,0.863,SPEAKER_01
887,not,418.799,418.94,0.708,SPEAKER_01
888,"new,",419.02,419.3,0.851,SPEAKER_01
889,as,419.92,420.001,0.934,SPEAKER_01
890,in,420.101,420.201,0.986,SPEAKER_01
891,before,421.442,421.922,0.907,SPEAKER_01
892,"me,",422.002,422.183,0.987,SPEAKER_01
893,before,422.283,422.563,0.837,SPEAKER_01
894,our,422.623,422.683,0.357,SPEAKER_01
895,"relationship,",422.723,424.285,0.759,SPEAKER_01
896,"that's,",424.305,425.286,0.83,SPEAKER_01
897,you,425.306,425.406,0.776,SPEAKER_01
898,"know,",425.446,425.646,0.876,SPEAKER_01
899,been,427.368,427.528,0.548,SPEAKER_01
900,a,427.548,427.588,0.663,SPEAKER_01
901,part,427.628,427.828,0.57,SPEAKER_01
902,of,427.848,427.888,0.05,SPEAKER_01
903,your,427.908,427.988,0.245,SPEAKER_01
904,life,428.028,428.228,0.582,SPEAKER_01
905,of,428.288,428.349,0.829,SPEAKER_01
906,some,428.389,428.609,0.939,SPEAKER_01
907,sort.,428.709,430.791,0.943,SPEAKER_01
908,So,430.811,431.311,0.881,SPEAKER_01
909,when,431.391,434.414,0.919,SPEAKER_01
910,I,434.454,434.514,0.853,SPEAKER_01
911,was,434.554,434.615,0.873,SPEAKER_01
912,"like,",434.675,434.855,0.552,SPEAKER_01
913,I,435.936,435.996,0.988,SPEAKER_01
914,was,436.036,436.176,0.933,SPEAKER_01
915,really,436.216,436.897,0.864,SPEAKER_01
916,worried,436.957,437.357,0.889,SPEAKER_01
917,about,437.397,437.938,0.841,SPEAKER_01
918,"you,",437.978,438.278,0.654,SPEAKER_01
919,in,438.933,439.093,0.908,SPEAKER_01
920,that,439.133,439.294,0.865,SPEAKER_01
921,moment,439.354,439.795,0.962,SPEAKER_01
922,because,441.918,442.439,0.776,SPEAKER_01
923,I,442.459,442.479,0.999,SPEAKER_01
924,think,447.248,447.509,0.993,SPEAKER_01
925,I,451.215,451.336,0.874,SPEAKER_01
926,still,451.376,453.94,0.986,SPEAKER_01
927,to,453.96,454.081,0.76,SPEAKER_01
928,this,454.101,454.241,0.736,SPEAKER_01
929,day,454.301,454.501,0.911,SPEAKER_01
930,hold,454.541,454.842,0.544,SPEAKER_01
931,so,454.902,455.042,0.998,SPEAKER_01
932,much,455.102,455.243,0.936,SPEAKER_01
933,hope,455.323,455.583,0.806,SPEAKER_01
934,for,455.603,455.724,0.857,SPEAKER_01
935,like,455.784,456.044,0.983,SPEAKER_01
936,living,456.545,456.986,0.878,SPEAKER_01
937,and,457.146,457.246,0.844,SPEAKER_01
938,purpose,457.346,458.148,0.918,SPEAKER_01
939,and,458.168,458.308,0.774,SPEAKER_01
940,fulfilling,459.17,459.611,0.859,SPEAKER_01
941,your,459.671,459.791,0.9,SPEAKER_01
942,purpose,459.871,460.272,0.953,SPEAKER_01
943,on,460.352,460.432,0.58,SPEAKER_01
944,this,460.452,460.813,0.695,SPEAKER_01
945,earth,460.833,461.073,0.799,SPEAKER_01
946,and,461.214,462.055,0.954,SPEAKER_01
947,loving,462.676,463.237,0.888,SPEAKER_01
948,people,463.337,463.677,0.8,SPEAKER_01
949,and,463.777,463.858,0.796,SPEAKER_01
950,community,463.938,464.699,0.93,SPEAKER_01
951,like,464.779,464.979,0.942,SPEAKER_01
952,you,464.999,465.139,0.778,SPEAKER_01
953,said,465.199,465.68,0.921,SPEAKER_01
954,and,465.78,465.86,0.878,SPEAKER_01
955,like,465.92,466.181,0.957,SPEAKER_01
956,so,466.822,466.942,0.874,SPEAKER_01
957,I've,467.002,467.162,0.808,SPEAKER_01
958,always,467.282,467.563,0.768,SPEAKER_01
959,seen,467.643,467.883,0.711,SPEAKER_01
960,that,467.923,468.143,0.924,SPEAKER_01
961,and,468.223,468.304,0.714,SPEAKER_01
962,I,468.344,468.364,0.998,SPEAKER_01
963,think,468.404,468.544,0.889,SPEAKER_01
964,it's,468.584,468.704,0.845,SPEAKER_01
965,been,469.125,469.265,0.799,SPEAKER_01
966,helpful,469.325,469.665,0.923,SPEAKER_01
967,that,469.725,469.846,0.579,SPEAKER_01
968,I've,469.886,470.126,0.619,SPEAKER_01
969,sort,470.146,470.326,0.529,SPEAKER_01
970,of,470.346,470.386,0.498,SPEAKER_01
971,grown,470.406,470.667,0.859,SPEAKER_01
972,up,470.727,470.787,0.952,SPEAKER_01
973,with,470.827,470.927,0.918,SPEAKER_01
974,a,471.007,471.047,0.905,SPEAKER_01
975,family,471.087,471.388,0.91,SPEAKER_01
976,that,471.448,471.628,0.974,SPEAKER_01
977,have,472.329,472.489,0.972,SPEAKER_01
978,those,472.529,472.689,0.891,SPEAKER_01
979,same,472.73,472.93,0.956,SPEAKER_01
980,opinions,472.97,474.232,0.764,SPEAKER_01
981,and,474.312,474.652,0.444,SPEAKER_01
982,that,474.672,474.812,0.85,SPEAKER_01
983,view,474.892,475.253,0.835,SPEAKER_01
984,on,475.333,475.413,0.915,SPEAKER_01
985,the,475.453,475.513,0.997,SPEAKER_01
986,world,475.553,475.974,0.712,SPEAKER_01
987,and,475.994,476.054,0.331,SPEAKER_01
988,I,477.736,477.756,0.986,SPEAKER_01
989,think,477.836,478.057,0.92,SPEAKER_01
990,for,478.778,478.918,0.893,SPEAKER_01
991,you,478.978,479.098,0.467,SPEAKER_01
992,to,479.138,479.178,0.79,SPEAKER_01
993,get,479.198,479.378,0.96,SPEAKER_01
994,to,479.439,479.519,0.95,SPEAKER_01
995,such,479.579,479.779,0.847,SPEAKER_01
996,a,479.839,479.859,0.995,SPEAKER_01
997,low,479.939,480.2,0.922,SPEAKER_01
998,point,480.48,480.66,0.67,SPEAKER_01
999,where,480.7,481.301,0.316,SPEAKER_01
1000,you're,481.341,481.481,0.546,SPEAKER_01
1001,like,481.501,481.742,0.918,SPEAKER_01
1002,there's,482.463,482.643,0.814,SPEAKER_01
1003,nothing,482.723,483.123,0.885,SPEAKER_01
1004,you,483.644,483.744,0.658,SPEAKER_01
1005,know,483.784,484.085,0.759,SPEAKER_01
1006,made,485.787,485.967,0.614,SPEAKER_01
1007,me,485.987,486.067,0.762,SPEAKER_01
1008,really,486.107,486.348,0.628,SPEAKER_01
1009,sad,486.768,487.249,0.866,SPEAKER_01
1010,"Yeah,",494.266,494.747,0.562,SPEAKER_01
1011,it,494.767,494.827,0.889,SPEAKER_01
1012,made,494.847,494.987,0.62,SPEAKER_01
1013,me,495.007,495.067,0.893,SPEAKER_01
1014,really,495.107,495.347,0.685,SPEAKER_01
1015,"sad,",495.407,495.788,0.747,SPEAKER_01
1016,because,495.848,496.309,0.865,SPEAKER_01
1017,I,496.329,496.349,0.998,SPEAKER_01
1018,was,497.37,497.53,0.697,SPEAKER_01
1019,"like,",497.57,497.69,0.35,SPEAKER_01
1020,there's,497.71,497.851,0.26,SPEAKER_01
1021,so,497.951,498.171,0.938,SPEAKER_01
1022,much,498.271,498.532,0.866,SPEAKER_01
1023,life,498.712,499.012,0.827,SPEAKER_01
1024,for,499.753,500.174,0.219,SPEAKER_01
1025,you,500.194,500.254,0.001,SPEAKER_01
1026,to,500.274,500.314,0.062,SPEAKER_01
1027,live.,500.334,500.474,0.302,SPEAKER_01
1028,"Like,",501.455,501.676,0.306,SPEAKER_01
1029,I,501.696,501.776,0.91,SPEAKER_01
1030,can,501.816,502.016,0.954,SPEAKER_01
1031,see,502.096,502.316,0.925,SPEAKER_01
1032,it.,502.417,502.477,0.801,SPEAKER_01
1033,And,502.997,503.077,0.682,SPEAKER_01
1034,I,503.638,503.698,0.873,SPEAKER_01
1035,guess,503.738,503.919,0.835,SPEAKER_01
1036,in,503.939,503.999,0.865,SPEAKER_01
1037,that,504.039,504.119,0.846,SPEAKER_01
1038,"moment,",504.199,504.459,0.967,SPEAKER_01
1039,I,504.539,504.64,0.774,SPEAKER_01
1040,felt,504.68,504.78,0.357,SPEAKER_01
1041,like,504.8,505.04,0.907,SPEAKER_01
1042,it,505.3,505.36,0.227,SPEAKER_01
1043,didn't,505.38,505.561,0.509,SPEAKER_01
1044,matter,505.641,506.041,0.773,SPEAKER_01
1045,how,506.182,506.362,0.597,SPEAKER_01
1046,much,506.422,506.702,0.821,SPEAKER_01
1047,I,507.443,507.543,0.984,SPEAKER_01
1048,saw,507.623,507.904,0.873,SPEAKER_01
1049,it.,508.064,508.204,0.792,SPEAKER_01
1050,I,516.215,516.295,0.843,SPEAKER_01
1051,wanted,516.315,516.555,0.517,SPEAKER_01
1052,you,516.635,516.755,0.907,SPEAKER_01
1053,to,516.795,516.875,0.922,SPEAKER_01
1054,see,516.936,517.136,0.88,SPEAKER_01
1055,it,517.196,517.236,0.742,SPEAKER_01
1056,for,517.316,517.396,0.977,SPEAKER_01
1057,yourself.,517.436,517.937,0.856,SPEAKER_01
1058,So...,519.939,524.205,0.86,SPEAKER_01
1059,"Yeah,",526.244,527.625,0.664,SPEAKER_01
1060,that,528.466,528.626,0.931,SPEAKER_01
1061,time.,528.686,528.966,0.98,SPEAKER_01
1062,But,529.627,529.807,0.87,SPEAKER_01
1063,thank,529.907,530.107,0.859,SPEAKER_01
1064,"God,",530.168,530.388,0.97,SPEAKER_01
1065,it's,530.688,530.828,0.867,SPEAKER_01
1066,been,530.868,531.028,0.842,SPEAKER_01
1067,a,531.088,531.108,0.923,SPEAKER_01
1068,really,531.168,531.369,0.906,SPEAKER_01
1069,long,531.409,531.629,0.654,SPEAKER_01
1070,time.,531.649,531.969,0.899,SPEAKER_01
1071,"Also,",532.81,533.23,0.813,SPEAKER_01
1072,as,534.151,534.231,0.826,SPEAKER_01
1073,I'm,534.291,534.411,0.736,SPEAKER_01
1074,"aware,",534.471,534.792,0.925,SPEAKER_01
1075,you,535.012,535.092,0.958,SPEAKER_01
1076,haven't,535.132,535.352,0.917,SPEAKER_01
1077,said,535.432,535.612,0.884,SPEAKER_00
1078,anything,535.713,536.133,0.914,SPEAKER_01
1079,since.,536.233,536.593,0.941,SPEAKER_01
1080,We're,537.474,537.614,0.392,SPEAKER_01
1081,good.,537.634,538.255,0.819,SPEAKER_01
1082,We're,538.275,538.435,0.392,SPEAKER_01
1083,"good,",538.455,538.835,0.434,SPEAKER_01
1084,great.,538.855,539.316,0.607,SPEAKER_01
1085,"So,",539.616,539.936,0.866,SPEAKER_01
1086,yeah.,540.557,540.817,0.577,SPEAKER_01
1087,Okay.,552.688,552.788,0.0,
1088,Cool.,552.808,552.908,0.0,SPEAKER_01
1089,When,552.928,553.088,0.98,SPEAKER_01
1090,was,553.128,553.228,0.762,SPEAKER_01
1091,the,553.288,553.388,0.8,SPEAKER_01
1092,last,553.469,553.729,0.911,SPEAKER_01
1093,time,553.789,554.009,0.9,SPEAKER_01
1094,you,554.049,554.169,0.734,SPEAKER_01
1095,considered,554.229,554.73,0.93,SPEAKER_01
1096,ending,554.77,555.19,0.924,SPEAKER_01
1097,this,555.23,555.37,0.887,SPEAKER_01
1098,relationship?,555.43,556.251,0.775,SPEAKER_01
1099,And,556.822,557.002,0.679,SPEAKER_01
1100,why,557.042,557.243,0.853,SPEAKER_01
1101,didn't,557.323,557.543,0.763,SPEAKER_01
1102,you?,557.663,558.665,0.817,SPEAKER_01
1103,You're,558.705,558.826,0.288,SPEAKER_01
1104,not,558.846,558.946,0.629,SPEAKER_01
1105,going,558.966,559.066,0.33,SPEAKER_01
1106,to,559.086,559.126,0.34,SPEAKER_01
1107,like,559.166,559.346,0.623,SPEAKER_01
1108,this,559.366,559.607,0.393,SPEAKER_01
1109,answer.,559.627,560.028,0.779,SPEAKER_01
1110,Sometimes,561.63,562.111,0.756,SPEAKER_01
1111,I,562.191,562.231,0.674,SPEAKER_01
1112,just,562.472,562.712,0.466,SPEAKER_01
1113,don't,562.772,562.953,0.648,SPEAKER_01
1114,like,562.993,563.173,0.744,SPEAKER_01
1115,things.,563.193,563.474,0.492,SPEAKER_01
1116,"No,",563.494,563.754,0.504,SPEAKER_00
1117,"yeah,",563.774,564.035,0.484,SPEAKER_00
1118,it's,564.095,564.175,0.256,SPEAKER_00
1119,fine.,564.235,564.515,0.719,SPEAKER_00
1120,You,564.576,564.636,0.114,SPEAKER_00
1121,don't,564.736,564.836,0.012,SPEAKER_01
1122,have,564.856,564.936,0.025,SPEAKER_01
1123,to,564.956,564.996,0.002,SPEAKER_01
1124,say,565.016,565.076,0.316,SPEAKER_01
1125,it.,565.097,565.157,0.669,SPEAKER_01
1126,I,566.239,566.299,0.947,SPEAKER_01
1127,consider,566.339,566.639,0.819,SPEAKER_01
1128,it,566.679,566.739,0.741,SPEAKER_01
1129,often.,566.84,567.14,0.949,SPEAKER_01
1130,"Yeah,",568.422,568.563,0.343,SPEAKER_01
1131,I,568.663,568.863,0.521,SPEAKER_01
1132,knew,568.923,569.264,0.566,SPEAKER_01
1133,that,571.768,571.848,0.452,SPEAKER_01
1134,was,572.049,572.229,0.731,SPEAKER_01
1135,coming.,572.349,572.79,0.523,SPEAKER_01
1136,But,573.151,573.211,0.0,SPEAKER_01
1137,not,573.231,573.311,0.626,SPEAKER_01
1138,because,573.351,573.571,0.904,SPEAKER_01
1139,I'm,573.631,573.812,0.877,SPEAKER_01
1140,like,574.593,574.854,0.965,SPEAKER_01
1141,anywhere,575.675,576.076,0.694,SPEAKER_01
1142,near,576.396,576.757,0.863,SPEAKER_01
1143,finished,576.957,577.298,0.841,SPEAKER_01
1144,with,577.358,577.438,0.145,SPEAKER_01
1145,you.,577.458,578.821,0.664,SPEAKER_01
1146,I,579.963,580.023,0.601,SPEAKER_01
1147,have,580.063,580.804,0.822,SPEAKER_01
1148,being,581.257,581.637,0.722,SPEAKER_01
1149,in,582.018,582.138,0.887,SPEAKER_01
1150,really,582.358,582.578,0.814,SPEAKER_01
1151,beautiful,582.638,583.019,0.699,SPEAKER_01
1152,relationships,583.079,583.679,0.838,SPEAKER_01
1153,before,583.719,584.12,0.899,SPEAKER_01
1154,where,584.22,584.36,0.917,SPEAKER_01
1155,I,584.42,584.46,0.889,SPEAKER_01
1156,wasn't,584.58,584.86,0.69,SPEAKER_01
1157,checking,584.96,585.281,0.949,SPEAKER_01
1158,in,585.341,585.421,0.927,SPEAKER_01
1159,with,585.741,585.861,0.878,SPEAKER_01
1160,"myself,",585.921,586.342,0.812,SPEAKER_01
1161,with,586.462,586.582,0.939,SPEAKER_01
1162,my,586.642,586.722,0.996,SPEAKER_01
1163,"relationship,",586.782,587.322,0.819,SPEAKER_01
1164,how,587.342,587.402,0.173,SPEAKER_01
1165,I,587.463,587.503,0.941,SPEAKER_01
1166,was,587.563,587.683,0.846,SPEAKER_01
1167,feeling,587.723,588.003,0.957,SPEAKER_01
1168,in,588.063,588.103,0.839,SPEAKER_01
1169,it.,588.183,588.243,0.989,SPEAKER_01
1170,Like,588.804,588.924,0.731,SPEAKER_01
1171,I,588.984,589.024,0.568,SPEAKER_01
1172,have,589.044,589.164,0.716,SPEAKER_01
1173,made,589.224,589.404,0.927,SPEAKER_01
1174,that,589.464,589.584,0.976,SPEAKER_01
1175,mistake,589.665,590.105,0.879,SPEAKER_01
1176,of,590.225,590.305,0.977,SPEAKER_01
1177,just,590.345,590.485,0.933,SPEAKER_01
1178,being,590.505,590.705,0.827,SPEAKER_01
1179,"like,",590.745,590.906,0.734,SPEAKER_01
1180,"okay,",591.006,591.306,0.581,SPEAKER_01
1181,it,591.346,591.406,0.639,SPEAKER_01
1182,was,591.466,591.586,0.835,SPEAKER_01
1183,good,591.666,591.886,0.952,SPEAKER_01
1184,for,592.707,592.807,0.99,SPEAKER_01
1185,those,592.847,593.048,0.859,SPEAKER_01
1186,five,593.448,593.668,0.878,SPEAKER_01
1187,months,593.728,593.948,0.807,SPEAKER_01
1188,in,594.008,594.088,0.966,SPEAKER_01
1189,the,594.128,594.229,0.73,SPEAKER_01
1190,beginning,594.269,594.609,0.962,SPEAKER_01
1191,and,594.649,595.43,0.824,SPEAKER_01
1192,we,595.77,595.87,0.986,SPEAKER_01
1193,still,595.91,596.09,0.701,SPEAKER_01
1194,talk,596.13,596.31,0.93,SPEAKER_01
1195,every,596.551,596.691,0.938,SPEAKER_01
1196,day,596.731,596.971,0.916,SPEAKER_01
1197,or,597.011,597.211,0.696,SPEAKER_01
1198,"whatever,",597.251,597.672,0.936,SPEAKER_01
1199,so,597.772,597.892,0.984,SPEAKER_01
1200,it's,597.952,598.032,0.521,SPEAKER_01
1201,still,598.052,598.292,0.703,SPEAKER_01
1202,good.,598.312,598.512,0.875,SPEAKER_01
1203,"Nah,",600.374,600.875,0.407,SPEAKER_01
1204,I've,600.895,600.995,0.424,SPEAKER_01
1205,learned,601.035,601.215,0.29,SPEAKER_01
1206,the,601.395,601.495,0.977,SPEAKER_01
1207,hard,601.535,601.735,0.92,SPEAKER_01
1208,way,601.755,601.855,0.986,SPEAKER_01
1209,that,601.895,601.975,0.814,SPEAKER_01
1210,that's,602.016,602.196,0.724,SPEAKER_01
1211,really,602.256,602.496,0.829,SPEAKER_01
1212,not,602.536,602.676,0.513,SPEAKER_01
1213,how,602.716,602.816,0.817,SPEAKER_01
1214,that,602.856,602.976,0.903,SPEAKER_01
1215,works.,603.016,603.297,0.855,SPEAKER_01
1216,So,607.58,607.681,0.986,SPEAKER_01
1217,I,607.761,607.801,0.765,SPEAKER_01
1218,ask,607.901,608.681,0.666,SPEAKER_01
1219,myself,608.722,609.002,0.947,SPEAKER_01
1220,often,609.162,609.462,0.889,SPEAKER_01
1221,"like,",609.522,610.403,0.895,SPEAKER_01
1222,Do,610.484,610.685,0.816,SPEAKER_01
1223,I,610.786,610.846,0.989,SPEAKER_01
1224,still...,610.907,611.269,0.952,SPEAKER_01
1225,Am,612.375,612.476,0.702,SPEAKER_01
1226,I,612.516,612.577,0.929,SPEAKER_01
1227,still,612.597,612.798,0.762,SPEAKER_01
1228,in,612.979,613.1,0.884,SPEAKER_01
1229,love?,613.2,613.462,0.986,SPEAKER_01
1230,Am,613.663,613.764,0.815,SPEAKER_01
1231,I,613.844,613.904,0.899,SPEAKER_01
1232,still...,613.965,614.689,0.948,SPEAKER_01
1233,happy,615.597,615.958,0.973,SPEAKER_01
1234,to,615.978,616.078,0.828,SPEAKER_01
1235,be,616.118,616.258,0.85,SPEAKER_01
1236,in,616.298,616.338,0.914,SPEAKER_01
1237,this,616.418,616.538,0.942,SPEAKER_01
1238,relationship.,616.599,617.28,0.853,SPEAKER_01
1239,Do,617.68,617.78,0.978,SPEAKER_01
1240,I,617.861,617.921,0.979,SPEAKER_01
1241,feel,617.961,618.141,0.98,SPEAKER_01
1242,like,618.181,618.381,0.898,SPEAKER_01
1243,this,618.482,618.622,0.882,SPEAKER_01
1244,relationship,618.662,619.403,0.851,SPEAKER_01
1245,is,620.144,620.304,0.895,SPEAKER_01
1246,in,620.344,620.885,0.821,SPEAKER_01
1247,service,620.945,621.346,0.874,SPEAKER_01
1248,of,621.406,621.466,0.972,SPEAKER_01
1249,me?,621.546,621.707,0.965,SPEAKER_01
1250,Do,621.747,621.827,0.994,SPEAKER_01
1251,I,621.887,621.947,0.982,SPEAKER_01
1252,feel,621.967,622.147,0.836,SPEAKER_01
1253,like,622.187,622.328,0.949,SPEAKER_01
1254,I,622.528,622.588,0.925,SPEAKER_01
1255,am,622.668,622.728,0.707,SPEAKER_01
1256,doing,622.788,622.989,0.882,SPEAKER_01
1257,my,623.049,623.149,0.98,SPEAKER_01
1258,part,623.189,623.409,0.998,SPEAKER_01
1259,in,623.449,623.529,0.744,SPEAKER_01
1260,service,623.589,623.93,0.783,SPEAKER_01
1261,of,624.01,624.11,0.411,SPEAKER_01
1262,you?,624.15,624.351,0.979,SPEAKER_01
1263,Do,624.411,624.471,0.782,SPEAKER_01
1264,I,624.551,624.611,0.945,SPEAKER_01
1265,feel,624.651,624.831,0.454,SPEAKER_01
1266,like,624.851,625.052,0.864,SPEAKER_01
1267,I,625.593,625.673,0.911,SPEAKER_01
1268,am,625.853,625.953,0.912,SPEAKER_01
1269,for,626.454,626.654,0.946,SPEAKER_01
1270,you?,626.714,626.915,0.946,SPEAKER_01
1271,Do,627.395,627.516,0.452,SPEAKER_01
1272,you,627.536,627.596,0.004,SPEAKER_01
1273,know,627.616,627.796,0.535,SPEAKER_01
1274,what,628.317,628.397,0.001,SPEAKER_00
1275,I,628.417,628.437,0.001,SPEAKER_00
1276,mean?,628.457,628.597,0.437,SPEAKER_01
1277,It's,629.078,629.218,0.472,SPEAKER_01
1278,really,629.238,629.419,0.927,SPEAKER_01
1279,easy,629.539,629.719,0.552,SPEAKER_01
1280,to,629.779,629.859,0.866,SPEAKER_01
1281,get,629.899,630.02,0.862,SPEAKER_01
1282,comfortable,630.14,630.701,0.893,SPEAKER_01
1283,and,630.901,630.961,0.949,SPEAKER_01
1284,then,631.001,631.121,0.975,SPEAKER_01
1285,just,631.181,631.302,0.866,SPEAKER_01
1286,keep,631.362,631.582,0.89,SPEAKER_01
1287,someone,631.642,632.003,0.873,SPEAKER_01
1288,because,632.063,632.263,0.874,SPEAKER_01
1289,they,632.303,632.423,0.964,SPEAKER_01
1290,make,632.483,632.644,0.966,SPEAKER_01
1291,you,632.684,632.804,0.923,SPEAKER_01
1292,feel,632.864,633.084,0.834,SPEAKER_01
1293,"good,",633.124,633.345,0.963,SPEAKER_01
1294,but,633.385,633.465,0.998,SPEAKER_01
1295,you're,633.485,633.665,0.936,SPEAKER_01
1296,not,633.685,633.805,0.821,SPEAKER_01
1297,adding,634.006,634.186,0.944,SPEAKER_01
1298,to,634.226,634.286,0.936,SPEAKER_01
1299,them.,634.306,634.426,0.676,SPEAKER_01
1300,I've,634.847,635.588,0.901,SPEAKER_01
1301,seen,635.628,635.869,0.766,SPEAKER_01
1302,people,636.169,636.45,0.798,SPEAKER_01
1303,watch,637.852,638.032,0.922,SPEAKER_01
1304,their,638.052,638.152,0.573,SPEAKER_01
1305,partner,638.232,638.473,0.665,SPEAKER_01
1306,deteriorate.,638.513,639.094,0.657,SPEAKER_01
1307,Do,639.635,639.675,0.001,SPEAKER_00
1308,you,639.695,639.755,0.004,SPEAKER_00
1309,know,639.775,639.875,0.578,SPEAKER_00
1310,what,639.895,639.975,0.36,SPEAKER_00
1311,I,639.995,640.015,0.973,SPEAKER_01
1312,mean?,640.055,640.195,0.823,SPEAKER_01
1313,I've,640.215,640.336,0.312,SPEAKER_01
1314,been,640.356,640.516,0.824,SPEAKER_01
1315,that,640.576,640.676,0.961,SPEAKER_01
1316,partner.,640.736,641.077,0.63,SPEAKER_01
1317,I've,641.097,641.177,0.06,SPEAKER_01
1318,actually,641.217,641.517,0.81,SPEAKER_01
1319,done,641.878,642.018,0.778,SPEAKER_01
1320,that,642.058,642.179,0.887,SPEAKER_01
1321,myself.,642.239,643.14,0.921,SPEAKER_01
1322,So,643.863,644.063,0.763,SPEAKER_01
1323,I,644.103,644.163,0.935,SPEAKER_01
1324,ask,644.223,644.344,0.872,SPEAKER_01
1325,myself,644.364,644.624,0.819,SPEAKER_01
1326,"often,",644.724,645.064,0.933,SPEAKER_01
1327,"like,",645.205,645.485,0.983,SPEAKER_01
1328,what,646.787,646.927,0.315,SPEAKER_01
1329,we're,646.947,647.047,0.091,SPEAKER_01
1330,doing?,647.067,647.187,0.168,SPEAKER_01
1331,Are,647.207,647.267,0.275,SPEAKER_01
1332,we,647.287,647.347,0.863,SPEAKER_01
1333,still...,647.387,648.248,0.565,SPEAKER_01
1334,Is,648.268,648.329,0.849,SPEAKER_01
1335,it,648.389,648.449,0.794,SPEAKER_01
1336,still,648.469,648.649,0.881,SPEAKER_01
1337,good?,648.689,648.849,0.744,SPEAKER_01
1338,Is,648.869,648.909,0.674,SPEAKER_01
1339,it,648.989,649.049,0.171,SPEAKER_01
1340,still,649.069,649.21,0.492,SPEAKER_01
1341,healthy?,649.27,649.65,0.874,SPEAKER_01
1342,I,650.691,651.532,0.849,SPEAKER_01
1343,must,651.572,651.733,0.893,SPEAKER_01
1344,"admit,",651.793,652.033,0.906,SPEAKER_01
1345,I,652.534,652.634,0.879,SPEAKER_01
1346,really,652.674,652.854,0.401,SPEAKER_01
1347,think,652.874,652.974,0.489,SPEAKER_01
1348,that's,652.994,653.134,0.265,SPEAKER_01
1349,such,653.174,653.375,0.936,SPEAKER_01
1350,a,653.415,653.435,0.957,SPEAKER_01
1351,healthy...,653.495,654.176,0.842,SPEAKER_01
1352,"Yeah,",654.196,654.456,0.498,SPEAKER_01
1353,but,654.476,654.576,0.97,SPEAKER_01
1354,you,654.596,654.696,0.966,SPEAKER_01
1355,hate,654.776,654.977,0.468,SPEAKER_01
1356,it,654.997,655.037,0.107,SPEAKER_01
1357,every,655.057,655.237,0.462,SPEAKER_01
1358,time,655.317,655.457,0.303,SPEAKER_01
1359,I,655.477,655.497,0.243,SPEAKER_01
1360,said,655.517,655.798,0.488,SPEAKER_01
1361,it.,655.818,655.878,0.053,SPEAKER_01
1362,You'd,655.898,655.998,0.003,SPEAKER_01
1363,be,656.018,656.098,0.449,SPEAKER_01
1364,"like,",656.138,656.819,0.281,SPEAKER_01
1365,I,656.839,656.859,0.009,
1366,don't,656.879,656.979,0.032,SPEAKER_01
1367,know,656.999,657.099,0.322,SPEAKER_01
1368,if,657.119,657.199,0.46,SPEAKER_01
1369,you,657.219,657.32,0.714,SPEAKER_01
1370,believe,657.5,657.72,0.356,SPEAKER_01
1371,me.,657.78,657.94,0.638,SPEAKER_01
1372,I'm,658.0,658.06,0.0,SPEAKER_01
1373,"like,",658.081,658.181,0.19,SPEAKER_01
1374,"yes,",658.201,658.441,0.83,SPEAKER_01
1375,I,658.541,658.601,0.865,SPEAKER_01
1376,do,658.621,658.741,0.548,SPEAKER_01
1377,think,658.781,658.902,0.987,SPEAKER_01
1378,about,658.942,659.102,0.752,SPEAKER_01
1379,leaving,659.142,659.342,0.751,SPEAKER_01
1380,you.,659.382,659.642,0.734,SPEAKER_01
1381,And,659.662,659.743,0.434,SPEAKER_01
1382,you're,659.763,659.903,0.307,SPEAKER_01
1383,"like,",659.923,660.203,0.272,SPEAKER_01
1384,what?,660.223,660.423,0.487,SPEAKER_01
1385,What,661.024,661.144,0.31,SPEAKER_01
1386,do,661.164,661.224,0.603,SPEAKER_01
1387,you,661.244,661.345,0.684,SPEAKER_01
1388,mean?,661.385,661.705,0.786,SPEAKER_01
1389,"Yeah,",663.627,663.848,0.64,SPEAKER_01
1390,I,663.968,664.048,0.889,SPEAKER_01
1391,know.,664.088,664.288,0.869,SPEAKER_01
1392,I,664.408,664.508,0.939,SPEAKER_01
1393,say,664.569,664.709,0.855,SPEAKER_01
1394,all,664.809,664.929,0.865,SPEAKER_01
1395,of,664.969,665.009,0.624,SPEAKER_01
1396,"that,",665.049,665.209,0.853,SPEAKER_01
1397,but,665.269,665.39,0.777,SPEAKER_01
1398,"like,",665.43,665.67,0.924,SPEAKER_01
1399,I,665.89,666.01,0.81,SPEAKER_01
1400,do,666.291,666.451,0.554,SPEAKER_01
1401,think,666.471,666.631,0.936,SPEAKER_01
1402,it's,666.691,666.871,0.801,SPEAKER_01
1403,healthy.,666.991,668.233,0.88,SPEAKER_01
1404,"Yeah,",670.154,670.594,0.187,SPEAKER_01
1405,they're,670.614,670.755,0.142,SPEAKER_00
1406,just,670.775,670.895,0.639,SPEAKER_00
1407,two,671.255,671.395,0.634,SPEAKER_01
1408,very,671.435,671.656,0.936,SPEAKER_01
1409,different,671.676,671.916,0.876,SPEAKER_01
1410,"people,",671.956,672.316,0.904,SPEAKER_01
1411,so,672.436,672.717,0.823,SPEAKER_01
1412,my,673.157,673.337,0.4,SPEAKER_01
1413,thoughts,673.357,673.678,0.283,SPEAKER_01
1414,on,673.978,674.058,0.907,SPEAKER_01
1415,that,674.098,674.298,0.95,SPEAKER_01
1416,is,674.378,674.458,0.732,SPEAKER_01
1417,very,674.518,674.699,0.945,SPEAKER_01
1418,different.,674.759,675.159,0.792,SPEAKER_01
1419,"Yeah,",675.439,675.68,0.624,SPEAKER_01
1420,for,675.9,676.04,0.936,SPEAKER_01
1421,"me,",676.08,676.24,0.949,SPEAKER_01
1422,the,676.28,676.38,0.929,SPEAKER_01
1423,journey,676.46,676.761,0.896,SPEAKER_01
1424,to,676.781,676.901,0.853,SPEAKER_01
1425,forever,676.961,677.341,0.784,SPEAKER_01
1426,is,677.421,677.501,0.777,SPEAKER_01
1427,with,677.521,677.722,0.832,SPEAKER_01
1428,regular,677.922,678.242,0.949,SPEAKER_01
1429,check-ins.,678.282,678.723,0.869,SPEAKER_01
1430,Do,679.804,680.124,0.59,SPEAKER_01
1431,you,680.144,680.204,0.302,SPEAKER_01
1432,know,680.304,680.404,0.457,SPEAKER_00
1433,what,680.624,680.705,0.242,SPEAKER_01
1434,I,681.005,681.045,0.46,SPEAKER_01
1435,mean?,681.065,681.165,0.318,SPEAKER_01
1436,So,681.245,681.285,0.0,SPEAKER_01
1437,I,681.305,681.325,0.0,SPEAKER_01
1438,check,681.345,681.545,0.914,SPEAKER_01
1439,with,681.585,681.666,0.192,SPEAKER_01
1440,myself,681.686,682.046,0.816,SPEAKER_01
1441,"often,",682.286,682.626,0.943,SPEAKER_01
1442,being,682.667,682.867,0.551,SPEAKER_01
1443,"like,",682.927,683.648,0.753,SPEAKER_01
1444,all,683.668,683.728,0.299,SPEAKER_01
1445,right.,686.731,686.931,0.38,SPEAKER_01
1446,We,686.951,687.051,0.722,SPEAKER_01
1447,good?,687.091,687.331,0.897,SPEAKER_01
1448,Yeah.,687.551,688.612,0.768,SPEAKER_01
1449,Why,690.214,690.414,0.928,SPEAKER_01
1450,am,690.534,690.614,0.83,SPEAKER_01
1451,I,690.815,690.875,0.858,SPEAKER_01
1452,in,691.115,691.195,0.968,SPEAKER_01
1453,your,691.235,691.395,0.789,SPEAKER_01
1454,life?,691.435,691.676,0.962,SPEAKER_01
1455,You...,699.123,700.144,0.75,SPEAKER_01
1456,in,700.647,700.967,0.804,SPEAKER_01
1457,my,701.027,701.148,0.986,SPEAKER_01
1458,life,701.208,701.468,0.908,SPEAKER_01
1459,because,701.608,702.149,0.836,SPEAKER_01
1460,I,702.189,702.209,0.998,SPEAKER_01
1461,really,705.713,705.933,0.834,SPEAKER_01
1462,chose,706.013,706.354,0.812,SPEAKER_01
1463,you,706.394,706.934,0.471,SPEAKER_01
1464,to,706.954,707.115,0.735,SPEAKER_01
1465,be,707.155,707.335,0.748,SPEAKER_01
1466,in,707.355,707.395,0.352,SPEAKER_01
1467,my,707.415,707.555,0.833,SPEAKER_01
1468,life.,707.615,707.936,0.915,SPEAKER_01
1469,From,708.016,709.297,0.928,SPEAKER_01
1470,the,709.357,709.457,0.856,SPEAKER_01
1471,moment,709.498,709.818,0.874,SPEAKER_01
1472,I,709.878,709.918,0.64,SPEAKER_01
1473,saw,709.938,710.238,0.511,SPEAKER_01
1474,"you,",710.278,710.399,0.907,SPEAKER_01
1475,I,710.439,710.519,0.733,SPEAKER_01
1476,was,710.539,710.599,0.002,SPEAKER_01
1477,"like,",710.619,710.839,0.969,SPEAKER_01
1478,"him,",710.879,711.4,0.914,SPEAKER_01
1479,I,712.481,712.541,0.981,SPEAKER_01
1480,want,712.561,712.821,0.535,SPEAKER_01
1481,him,712.882,713.002,0.879,SPEAKER_01
1482,in,713.082,713.162,0.964,SPEAKER_01
1483,my,713.182,713.282,0.876,SPEAKER_01
1484,life.,713.322,713.562,0.956,SPEAKER_01
1485,Because,714.624,714.904,0.9,SPEAKER_01
1486,you,714.964,715.124,0.982,SPEAKER_01
1487,just,715.324,715.525,0.789,SPEAKER_01
1488,came,715.665,715.905,0.965,SPEAKER_01
1489,off,716.005,716.125,0.969,SPEAKER_01
1490,at,716.966,717.026,0.828,SPEAKER_01
1491,that,717.087,717.227,0.875,SPEAKER_01
1492,engagement,717.287,717.707,0.934,SPEAKER_01
1493,"party,",717.767,717.887,0.315,SPEAKER_01
1494,you,717.907,718.008,0.569,SPEAKER_01
1495,came,718.028,718.188,0.908,SPEAKER_01
1496,off,718.268,718.388,0.91,SPEAKER_01
1497,so,718.528,718.909,0.997,SPEAKER_01
1498,"personable,",719.95,720.711,0.955,SPEAKER_01
1499,so,720.751,722.072,0.919,SPEAKER_01
1500,warm,722.513,722.953,0.873,SPEAKER_01
1501,to,723.034,723.134,0.91,SPEAKER_01
1502,everyone,723.254,723.594,0.844,SPEAKER_01
1503,that,723.634,723.714,0.452,SPEAKER_01
1504,you,723.754,723.875,0.652,SPEAKER_01
1505,spoke,723.915,724.235,0.684,SPEAKER_01
1506,"to,",724.255,724.515,0.613,SPEAKER_01
1507,so,724.635,724.816,0.892,SPEAKER_01
1508,attractive.,724.876,725.496,0.883,SPEAKER_01
1509,And,725.577,725.637,0.938,SPEAKER_01
1510,I,725.677,725.697,0.0,SPEAKER_01
1511,was,725.717,725.817,0.537,SPEAKER_01
1512,"like,",725.857,725.997,0.73,SPEAKER_01
1513,even,726.518,726.678,0.786,SPEAKER_01
1514,if,726.758,726.838,0.993,SPEAKER_01
1515,nothing,727.199,727.419,0.903,SPEAKER_01
1516,romantically,727.459,728.12,0.773,SPEAKER_01
1517,went,728.16,728.3,0.831,SPEAKER_01
1518,"ahead,",728.32,729.321,0.503,SPEAKER_01
1519,I,729.908,730.068,0.874,SPEAKER_01
1520,could,730.108,730.228,0.861,SPEAKER_01
1521,just,730.269,730.389,0.886,SPEAKER_01
1522,see,730.489,730.669,0.945,SPEAKER_01
1523,the,730.709,730.789,0.704,SPEAKER_01
1524,kindness,730.829,731.27,0.876,SPEAKER_01
1525,in,731.37,731.47,0.932,SPEAKER_01
1526,you,731.53,731.711,0.904,SPEAKER_01
1527,and,731.731,731.791,0.333,SPEAKER_01
1528,was,732.031,732.151,0.744,SPEAKER_01
1529,"like,",732.211,732.472,0.776,SPEAKER_01
1530,people,733.533,733.794,0.876,SPEAKER_01
1531,aren't,733.834,734.034,0.543,SPEAKER_01
1532,typically,734.054,734.335,0.716,SPEAKER_01
1533,kind,734.375,734.615,0.741,SPEAKER_01
1534,anymore.,734.795,736.117,0.757,SPEAKER_01
1535,So,737.119,737.319,0.832,SPEAKER_01
1536,when,737.399,737.519,0.974,SPEAKER_01
1537,you,737.539,737.659,0.807,SPEAKER_01
1538,come,737.7,737.84,0.814,SPEAKER_01
1539,across,737.88,738.12,0.85,SPEAKER_01
1540,"someone,",738.18,738.501,0.847,SPEAKER_01
1541,you're,738.521,738.661,0.56,SPEAKER_01
1542,"like,",738.681,738.821,0.959,SPEAKER_01
1543,"no,",738.861,738.981,0.921,SPEAKER_01
1544,I,739.021,739.102,0.741,SPEAKER_01
1545,have,739.242,739.422,0.942,SPEAKER_01
1546,to,739.462,739.562,0.901,SPEAKER_01
1547,have,739.622,739.823,0.767,SPEAKER_01
1548,you.,739.863,740.003,0.808,SPEAKER_01
1549,And,740.183,740.263,0.767,SPEAKER_01
1550,I,740.283,740.323,0.609,SPEAKER_01
1551,"think,",740.363,740.504,0.8,SPEAKER_01
1552,"yeah,",740.644,741.004,0.553,SPEAKER_01
1553,I,741.285,741.425,0.944,SPEAKER_01
1554,chose,741.966,742.286,0.908,SPEAKER_01
1555,to,742.346,742.507,0.998,SPEAKER_01
1556,and,742.627,742.707,0.799,SPEAKER_01
1557,I,742.767,742.827,0.878,SPEAKER_01
1558,choose,742.867,743.168,0.725,SPEAKER_01
1559,to,743.208,743.508,0.836,SPEAKER_01
1560,have,743.548,746.232,0.695,SPEAKER_01
1561,you,746.252,746.372,0.785,SPEAKER_01
1562,in,746.412,746.452,0.798,SPEAKER_01
1563,my,746.493,746.633,0.925,SPEAKER_01
1564,life.,746.693,746.993,0.988,SPEAKER_01
1565,You,749.437,749.577,0.8,SPEAKER_01
1566,make,749.617,749.777,0.844,SPEAKER_01
1567,me,749.837,749.958,0.932,SPEAKER_01
1568,a,750.018,750.038,0.994,SPEAKER_01
1569,better,750.078,750.258,0.931,SPEAKER_01
1570,person.,750.298,750.859,0.927,SPEAKER_01
1571,I,750.879,750.899,0.999,SPEAKER_01
1572,also,752.021,752.261,0.908,SPEAKER_01
1573,think,752.301,752.862,0.466,SPEAKER_01
1574,I,752.922,752.962,0.799,SPEAKER_01
1575,make,753.022,753.162,0.777,SPEAKER_01
1576,you,753.202,753.363,0.455,SPEAKER_01
1577,a,753.423,753.443,0.968,SPEAKER_01
1578,better,753.463,753.643,0.844,SPEAKER_01
1579,person.,753.683,754.124,0.933,SPEAKER_01
1580,For,754.164,754.985,0.563,SPEAKER_01
1581,sure.,755.025,756.287,0.758,SPEAKER_01
1582,I,760.891,760.991,0.752,SPEAKER_01
1583,"think,",761.011,761.312,0.953,SPEAKER_01
1584,like,761.712,761.872,0.886,SPEAKER_01
1585,you,761.912,762.013,0.933,SPEAKER_01
1586,said,762.053,762.193,0.696,SPEAKER_01
1587,"before,",762.253,762.674,0.886,SPEAKER_01
1588,you,763.154,763.294,0.843,SPEAKER_01
1589,see,763.354,763.515,0.958,SPEAKER_01
1590,things,763.575,763.915,0.767,SPEAKER_01
1591,in,763.995,764.055,0.974,SPEAKER_01
1592,me,764.096,764.216,0.972,SPEAKER_01
1593,that,764.256,764.356,0.869,SPEAKER_01
1594,I,764.416,764.476,0.946,SPEAKER_01
1595,might,764.516,764.656,0.935,SPEAKER_01
1596,not,764.696,764.796,0.977,SPEAKER_01
1597,see,764.877,765.097,0.988,SPEAKER_01
1598,for,765.317,765.437,0.852,SPEAKER_01
1599,my,765.477,765.558,0.986,SPEAKER_01
1600,future.,765.598,765.998,0.769,SPEAKER_01
1601,And,766.058,768.321,0.655,SPEAKER_01
1602,you,768.382,768.462,0.985,SPEAKER_01
1603,wanna,768.502,768.702,0.742,SPEAKER_01
1604,see,768.722,768.842,0.804,SPEAKER_01
1605,that,768.882,768.982,0.858,SPEAKER_01
1606,come,769.042,769.223,0.542,SPEAKER_01
1607,into,769.243,769.483,0.784,SPEAKER_01
1608,fruition.,769.543,770.084,0.841,SPEAKER_01
1609,And,770.104,770.164,0.334,SPEAKER_01
1610,I,770.545,770.585,0.938,SPEAKER_01
1611,think,770.645,770.845,0.979,SPEAKER_01
1612,it's,770.865,771.125,0.574,SPEAKER_01
1613,so,771.185,771.346,0.954,SPEAKER_01
1614,important,771.406,771.826,0.956,SPEAKER_01
1615,"to,",771.886,772.147,0.849,SPEAKER_01
1616,"yeah,",774.029,774.27,0.376,SPEAKER_01
1617,I,774.29,774.31,0.009,SPEAKER_01
1618,don't,774.33,774.45,0.612,SPEAKER_01
1619,"know,",774.59,774.69,0.368,SPEAKER_01
1620,I,774.73,774.75,0.652,SPEAKER_01
1621,"just,",774.77,774.971,0.966,SPEAKER_01
1622,"yeah,",775.051,775.291,0.732,SPEAKER_01
1623,you're,775.331,775.532,0.898,SPEAKER_01
1624,here,775.552,775.672,0.693,SPEAKER_01
1625,because,775.732,775.912,0.972,SPEAKER_01
1626,I,775.952,776.012,0.965,SPEAKER_01
1627,chose,776.052,776.333,0.832,SPEAKER_01
1628,for,776.373,776.433,0.526,SPEAKER_01
1629,you,777.254,777.334,0.816,SPEAKER_01
1630,to,777.374,777.454,0.641,SPEAKER_01
1631,be,777.494,777.574,0.783,SPEAKER_01
1632,here,777.635,777.795,0.644,SPEAKER_01
1633,and,777.835,777.895,0.671,SPEAKER_01
1634,I,777.935,777.955,0.714,SPEAKER_01
1635,want,778.015,778.175,0.756,SPEAKER_01
1636,you,778.215,778.376,0.815,SPEAKER_01
1637,in,778.396,778.436,0.442,SPEAKER_01
1638,my,778.956,779.117,0.605,SPEAKER_01
1639,life.,779.177,779.297,0.64,SPEAKER_01
1640,"Yeah,",779.858,780.038,0.178,SPEAKER_01
1641,you,780.058,780.118,0.28,SPEAKER_01
1642,put,780.138,780.278,0.246,SPEAKER_01
1643,in,780.298,780.378,0.423,SPEAKER_01
1644,the,780.398,780.458,0.27,SPEAKER_01
1645,request.,780.519,782.882,0.825,SPEAKER_01
1646,Yeah.,782.902,783.002,0.0,SPEAKER_01
1647,And,783.022,783.102,0.843,SPEAKER_01
1648,you,783.142,783.343,0.808,SPEAKER_01
1649,know,783.443,783.523,0.162,SPEAKER_01
1650,"what,",783.563,783.683,0.986,SPEAKER_01
1651,you're,783.703,783.863,0.628,SPEAKER_01
1652,like,783.883,784.044,0.68,SPEAKER_01
1653,better,784.484,784.724,0.823,SPEAKER_01
1654,than,784.785,784.905,0.924,SPEAKER_01
1655,any,784.945,785.005,0.334,SPEAKER_01
1656,partner,786.086,786.447,0.602,SPEAKER_01
1657,that,786.467,786.607,0.639,SPEAKER_01
1658,I,786.988,787.048,0.991,SPEAKER_01
1659,had,787.088,787.208,0.955,SPEAKER_01
1660,imagined,787.268,787.769,0.965,SPEAKER_01
1661,I,787.789,787.809,0.997,SPEAKER_01
1662,would,788.049,788.189,0.864,SPEAKER_01
1663,have.,788.229,788.47,0.938,SPEAKER_01
1664,Yeah?,789.231,789.531,0.678,SPEAKER_01
1665,Yeah.,790.653,790.813,0.243,SPEAKER_01
1666,"Yeah,",790.895,791.216,0.522,SPEAKER_01
1667,you,791.556,791.676,0.781,SPEAKER_01
1668,exceed,791.757,792.217,0.894,SPEAKER_01
1669,expectations.,792.257,793.119,0.91,SPEAKER_01
1670,What,797.466,797.607,0.953,SPEAKER_01
1671,is,797.687,797.747,0.742,SPEAKER_01
1672,one,797.787,798.068,0.652,SPEAKER_01
1673,experience,798.188,798.869,0.826,SPEAKER_01
1674,you,798.909,798.969,0.328,SPEAKER_01
1675,can't,799.25,799.61,0.711,SPEAKER_01
1676,wait,799.71,799.971,0.913,SPEAKER_01
1677,for,800.011,800.151,0.841,SPEAKER_01
1678,us,800.251,800.352,0.77,SPEAKER_01
1679,to,800.412,800.532,0.942,SPEAKER_01
1680,share,800.592,800.913,0.886,SPEAKER_01
1681,and,800.933,801.514,0.67,SPEAKER_01
1682,why?,801.674,802.055,0.908,SPEAKER_01
1683,Being,804.298,804.479,0.827,SPEAKER_01
1684,parents.,804.519,804.899,0.93,SPEAKER_01
1685,"Yeah,",805.28,805.941,0.523,SPEAKER_01
1686,"yeah,",805.961,806.262,0.791,SPEAKER_01
1687,yeah.,807.604,808.746,0.645,SPEAKER_01
1688,I,808.786,808.826,0.822,SPEAKER_01
1689,really,808.886,809.087,0.747,SPEAKER_01
1690,hope,809.127,809.307,0.71,SPEAKER_01
1691,that's,809.347,809.528,0.733,SPEAKER_01
1692,a,809.568,809.608,0.627,SPEAKER_01
1693,blessing,809.648,809.908,0.828,SPEAKER_01
1694,that,809.948,810.069,0.861,SPEAKER_01
1695,comes,810.109,810.289,0.796,SPEAKER_01
1696,to,810.309,810.409,0.814,SPEAKER_01
1697,us.,810.489,810.609,0.72,SPEAKER_01
1698,"Oh,",810.87,811.03,0.755,SPEAKER_01
1699,me,811.05,811.211,0.92,SPEAKER_01
1700,too.,811.291,812.152,0.854,SPEAKER_01
1701,I,813.535,813.595,0.915,SPEAKER_01
1702,think,813.635,813.755,0.989,SPEAKER_01
1703,it,813.815,813.855,0.952,SPEAKER_01
1704,will,813.875,814.015,0.678,SPEAKER_01
1705,be,814.035,814.096,0.74,SPEAKER_01
1706,chaotic.,814.476,815.518,0.773,SPEAKER_01
1707,But,816.899,817.119,0.516,SPEAKER_01
1708,"like,",817.139,817.279,0.596,SPEAKER_01
1709,I,817.299,817.38,0.743,SPEAKER_01
1710,only,817.44,817.6,0.904,SPEAKER_01
1711,want,817.64,817.76,0.536,SPEAKER_01
1712,to,817.8,817.84,0.41,SPEAKER_01
1713,experience,817.9,818.341,0.942,SPEAKER_01
1714,that,818.381,818.481,0.952,SPEAKER_01
1715,kind,818.521,818.661,0.782,SPEAKER_01
1716,of,818.721,818.781,0.59,SPEAKER_01
1717,chaos,818.801,819.102,0.825,SPEAKER_01
1718,with,819.142,819.422,0.26,SPEAKER_01
1719,you.,819.442,819.522,0.454,SPEAKER_01
1720,So,819.622,819.843,0.966,SPEAKER_01
1721,I'm,820.764,820.884,0.807,SPEAKER_01
1722,excited,820.924,821.244,0.808,SPEAKER_01
1723,about,821.284,821.465,0.834,SPEAKER_01
1724,that.,821.505,821.665,0.887,SPEAKER_01
1725,Me,822.626,822.786,0.706,SPEAKER_01
1726,too.,822.826,823.046,0.658,SPEAKER_01
1727,Yeah.,823.347,824.969,0.372,SPEAKER_01
1728,Yeah.,824.989,825.089,0.003,SPEAKER_01
1729,Last,825.109,825.269,0.996,SPEAKER_01
1730,question.,825.309,825.69,0.885,SPEAKER_01
1731,What,831.036,831.196,0.977,SPEAKER_01
1732,is,831.297,831.377,0.962,SPEAKER_01
1733,your,831.437,831.577,0.673,SPEAKER_01
1734,greatest,831.677,832.077,0.928,SPEAKER_01
1735,hope,832.158,832.378,0.782,SPEAKER_01
1736,for,832.478,832.618,0.996,SPEAKER_01
1737,us?,832.758,832.838,0.928,SPEAKER_01
1738,My,836.843,836.983,0.964,SPEAKER_01
1739,greatest,837.043,837.444,0.909,SPEAKER_01
1740,hope,837.484,837.684,0.979,SPEAKER_01
1741,for,837.724,837.844,0.979,SPEAKER_01
1742,us,838.065,838.165,0.908,SPEAKER_01
1743,is,838.485,838.565,0.929,SPEAKER_01
1744,that,838.645,838.786,0.813,SPEAKER_01
1745,we,838.866,839.166,0.986,SPEAKER_01
1746,really,839.206,843.992,0.845,SPEAKER_01
1747,live,844.072,844.292,0.902,SPEAKER_01
1748,a,844.312,844.332,0.999,SPEAKER_01
1749,life,844.573,844.853,0.972,SPEAKER_01
1750,together,844.913,845.273,0.95,SPEAKER_01
1751,that's,845.334,845.534,0.873,SPEAKER_01
1752,really,845.614,845.834,0.876,SPEAKER_01
1753,full,845.874,846.535,0.834,SPEAKER_01
1754,and,847.004,847.184,0.674,SPEAKER_01
1755,"purposeful,",847.264,848.025,0.854,SPEAKER_01
1756,and,852.789,852.849,0.948,SPEAKER_01
1757,where,852.889,853.03,0.705,SPEAKER_01
1758,we,853.07,853.13,0.903,SPEAKER_01
1759,feel,853.17,853.35,0.956,SPEAKER_01
1760,content.,853.41,853.97,0.906,SPEAKER_01
1761,"Happiness,",855.892,856.453,0.911,SPEAKER_01
1762,people,856.693,856.933,0.822,SPEAKER_01
1763,always,856.973,857.213,0.618,SPEAKER_01
1764,rave,857.374,857.694,0.912,SPEAKER_01
1765,about,857.734,857.934,0.861,SPEAKER_01
1766,happiness.,857.994,858.374,0.985,SPEAKER_01
1767,You're,858.435,858.715,0.796,SPEAKER_01
1768,always,858.755,858.955,0.627,SPEAKER_01
1769,striving,859.035,859.455,0.882,SPEAKER_01
1770,for,859.516,859.636,0.826,SPEAKER_01
1771,happiness.,859.676,860.196,0.786,SPEAKER_01
1772,Happiness,860.737,861.077,0.924,SPEAKER_01
1773,really,861.097,861.337,0.844,SPEAKER_01
1774,comes,861.397,861.577,0.867,SPEAKER_01
1775,and,861.637,861.698,0.848,SPEAKER_01
1776,goes.,861.738,862.178,0.874,SPEAKER_01
1777,It's,863.799,863.9,0.413,SPEAKER_01
1778,a,863.98,864.08,0.753,SPEAKER_01
1779,"feeling,",864.14,864.68,0.857,SPEAKER_01
1780,you,864.72,865.201,0.922,SPEAKER_01
1781,"know,",865.261,865.521,0.961,SPEAKER_01
1782,it's,865.541,865.821,0.309,SPEAKER_01
1783,an,865.841,865.881,0.928,SPEAKER_01
1784,emotion.,865.941,866.442,0.946,SPEAKER_01
1785,It's,866.482,866.562,0.249,SPEAKER_01
1786,"like,",866.842,867.022,0.96,SPEAKER_01
1787,it's,867.683,867.763,0.388,SPEAKER_01
1788,not,867.803,867.943,0.756,SPEAKER_01
1789,always,868.003,868.224,0.761,SPEAKER_01
1790,constant.,868.324,868.944,0.875,SPEAKER_01
1791,And,869.345,869.425,0.329,SPEAKER_01
1792,I,869.445,869.465,0.897,SPEAKER_01
1793,think,869.505,869.645,0.937,SPEAKER_01
1794,some,869.685,869.805,0.892,SPEAKER_01
1795,people,869.845,870.065,0.859,SPEAKER_01
1796,just,870.265,870.365,0.562,SPEAKER_01
1797,need,870.386,870.566,0.851,SPEAKER_01
1798,to,870.806,870.946,0.798,SPEAKER_01
1799,see,873.468,873.669,0.976,SPEAKER_01
1800,the,873.689,873.749,0.885,SPEAKER_01
1801,world,873.789,873.909,0.163,SPEAKER_01
1802,for,873.929,873.989,0.469,SPEAKER_01
1803,what,874.009,874.129,0.768,SPEAKER_01
1804,it,874.189,874.229,0.95,SPEAKER_01
1805,is.,874.249,875.29,0.845,SPEAKER_01
1806,So,875.978,876.198,0.722,SPEAKER_01
1807,"yeah,",876.258,876.479,0.654,SPEAKER_01
1808,I,876.519,876.539,0.999,SPEAKER_01
1809,could,876.599,876.739,0.945,SPEAKER_01
1810,say,876.799,876.959,0.904,SPEAKER_01
1811,"yeah,",877.019,877.219,0.658,SPEAKER_01
1812,a,877.339,877.359,0.928,SPEAKER_01
1813,life,877.419,877.6,0.951,SPEAKER_01
1814,full,877.64,877.78,0.448,SPEAKER_01
1815,of,877.82,877.86,0.998,SPEAKER_01
1816,"happiness,",877.9,878.481,0.915,SPEAKER_01
1817,but,878.621,878.741,0.958,SPEAKER_01
1818,I,878.821,878.901,0.986,SPEAKER_01
1819,know,879.021,879.381,0.826,SPEAKER_01
1820,that,879.401,882.024,0.323,SPEAKER_01
1821,there's,882.044,882.224,0.864,SPEAKER_01
1822,gonna,882.244,882.405,0.392,SPEAKER_01
1823,be,882.485,882.525,0.985,SPEAKER_01
1824,ups,882.565,882.685,0.647,SPEAKER_01
1825,and,882.725,882.825,0.833,SPEAKER_01
1826,downs.,882.865,883.165,0.877,SPEAKER_01
1827,It's,884.967,885.147,0.662,SPEAKER_01
1828,gonna,885.187,885.347,0.417,SPEAKER_01
1829,be,885.428,885.548,0.988,SPEAKER_01
1830,challenging,885.648,886.108,0.976,SPEAKER_01
1831,at,886.168,886.248,0.592,SPEAKER_01
1832,times.,886.308,886.689,0.845,SPEAKER_01
1833,So,886.909,887.149,0.964,SPEAKER_01
1834,as,887.45,887.51,0.778,SPEAKER_01
1835,long,887.57,887.75,0.871,SPEAKER_01
1836,as,887.83,887.93,0.558,SPEAKER_01
1837,we,888.19,888.471,0.988,SPEAKER_01
1838,live,888.551,888.731,0.848,SPEAKER_01
1839,a,888.791,888.851,0.819,SPEAKER_01
1840,really,888.891,889.211,0.552,SPEAKER_01
1841,fulfilling,889.532,890.032,0.827,SPEAKER_01
1842,"life,",890.092,890.453,0.98,SPEAKER_01
1843,full,890.953,891.093,0.316,SPEAKER_01
1844,of,891.153,891.193,0.514,SPEAKER_01
1845,"purpose,",891.253,891.914,0.919,SPEAKER_01
1846,remain,892.555,892.915,0.754,SPEAKER_01
1847,God,892.935,893.095,0.94,SPEAKER_01
1848,at,893.135,893.195,0.974,SPEAKER_01
1849,the,893.235,893.336,0.952,SPEAKER_01
1850,"center,",893.376,893.976,0.893,SPEAKER_01
1851,and,896.098,896.379,0.817,SPEAKER_01
1852,"yeah,",899.602,900.042,0.659,SPEAKER_01
1853,and,900.062,900.162,0.894,SPEAKER_01
1854,are,900.203,900.283,0.474,SPEAKER_01
1855,"content,",900.343,900.963,0.917,SPEAKER_01
1856,I,901.984,902.044,0.92,SPEAKER_01
1857,think,902.084,902.245,0.974,SPEAKER_01
1858,that's,902.325,902.565,0.861,SPEAKER_01
1859,my,902.845,902.985,0.993,SPEAKER_01
1860,hope,903.025,903.226,0.94,SPEAKER_01
1861,for,903.286,903.406,0.876,SPEAKER_01
1862,us,903.506,903.626,0.962,SPEAKER_01
1863,for,905.007,905.107,0.952,SPEAKER_01
1864,the,905.148,905.208,0.995,SPEAKER_01
1865,future.,905.248,905.648,0.772,SPEAKER_01
1866,I,906.067,914.041,0.902,SPEAKER_01
1867,like,914.061,914.342,0.322,SPEAKER_00
1868,that.,914.582,915.283,0.777,SPEAKER_00
1869,I,915.343,915.363,0.012,SPEAKER_00
1870,like,916.065,916.265,0.62,SPEAKER_00
1871,that,916.305,916.385,0.501,SPEAKER_00
1872,look.,916.666,917.407,0.566,SPEAKER_00
1873,Forever,917.848,918.629,0.48,SPEAKER_00
1874,in,918.89,918.95,0.746,SPEAKER_00
1875,7.,918.97,919.01,0.999,SPEAKER_00
1876,Forever,919.13,919.29,0.433,SPEAKER_00
1877,in,919.31,919.351,0.5,SPEAKER_00
1878,7.,919.371,924.7,0.78,SPEAKER_00
