start_time,end_time,category,speaker,transcript
0.03,16.95,single,SPEAKER_00," It comes after Dr. Zaidah's pandemic task force warned that with the current precautions  even with the current precautions, the death toll in the United States could reach 200,000. "
17.02,35.03,dyadic,SPEAKER_00," That was one of those doctors, Dr. Anthony Fauci, he is the director of the National Institute of  Allergy and Infectious Diseases. Dr. Fauci, thank you for getting up early for us. Thank you for all of your doing.  Let me just ask you right away why have the guidelines been extended to the end of April?  Why was that decision made? "
36.94,42.81,dyadic,SPEAKER_01," Well, Joe, when you look at the kinetics of the outbreak, the patterns that are going on. "
42.88,81.03,single,SPEAKER_01," Now, even as we speak, they were not going to reach a peak and turn around the way we wanted to within the time frame that was originally estimated.  So I thought it was prudent and I think the right decision to extend them another 30 days, because what you really want to do is you want to start seeing some  flattening out and turning around the curb and it coming down. It wasn't doing that. If you look at New York, it was doing this.  If you look at New Orleans, it was doing this. Detroit is certainly going to start doing that. It would not have been a good idea to pull back at a time when you really need to be pressing your foot on the panel as opposed to "
81.03,82.85,single,SPEAKER_00,
82.92,90.53,dyadic,SPEAKER_00, You keep talking about the peak. Can you explain to the American people what exactly that peak looks like in how it will tax the 
92.64,107.21,dyadic,SPEAKER_01," Well, there are a number of factors that are going on at the same time. One is the number of new cases per day. The other is the number of deaths that you have.  So if you have like 100 cases today, 200 cases tomorrow. "
107.27,149.58,single,SPEAKER_01," So if you have like 100 cases today, 200 cases tomorrow.  400 cases the next day, 600 cases the next day, you are clearly going in the wrong direction. You don't want to interfere except to try and suppress that.  If you reach the point where the number of new cases start to equilibrate so that yesterday you have 150, today you have 150, tomorrow you have 125.  The starting to level off, which is the kind of the beginning of the turning around of the curve of it coming down.  Deaths tend to linger a little bit more after the hospitalizations, but when you see the new hospitalizations start to do this, you know you're going in the right direction and we weren't doing that.  And we felt that if we treat.  We would only form an acceleration or rebound of something which would have put you behind where you were before. "
149.65,167.45,dyadic,SPEAKER_01," And we felt that if we treat.  We would only form an acceleration or rebound of something which would have put you behind where you were before.  And that's the reason why we argued strongly with the president that he not withdraw those guidelines after 15 days, but that he extend them.  And he did. "
168.04,185.71,dyadic,SPEAKER_00," And he did.  You argued strongly, you said with the president, our reporting is that among other things you showed him these models that suggest that even with the current guidelines, the death total in the United States could be between 100,000 and 200,000.  And why do you think that would. "
187.92,205.97,dyadic,SPEAKER_01," And why do you think that would.  Well it was quite convincing when the president is first, as he said multiple times at the press conference yesterday, his first goal is to prevent suffering and death.  And we made it very clear to him that if we pulled back on what we were doing and didn't extend them, they.  Avoidable suffering and avoidable death.  So it was pretty clear the city. "
206.04,210.77,single,SPEAKER_01," And we made it very clear to him that if we pulled back on what we were doing and didn't extend them, they.  Avoidable suffering and avoidable death.  So it was pretty clear the city.  How much convincing. "
211.54,212.03,single,SPEAKER_01, Avoidable suffering and avoidable death.  So it was pretty clear the city.  How much convincing. 
212.03,212.65,single,SPEAKER_00, Avoidable suffering and avoidable death.  So it was pretty clear the city.  How much convincing. 
212.71,212.96,dyadic,SPEAKER_00, Avoidable suffering and avoidable death.  So it was pretty clear the city.  How much convincing. 
212.96,213.01,dyadic,SPEAKER_01, Avoidable suffering and avoidable death.  So it was pretty clear the city.  How much convincing. 
215.78,237.02,dyadic,SPEAKER_01," Avoidable suffering and avoidable death.  So it was pretty clear the city.  How much convincing.  You know, interestingly, you know, we showed him the data. He looked at the data and he got it right away.  It was a pretty clear picture that Dr. Debbie Birx and I went in together in the Oval Office and leaned over the desk and said, here are the data.  Take a look.  He looked at them. He understood them.  And he just shook his head and said, I guess we.  You got to do it.  How important was it for you to make this case when you made it? "
237.02,255.0,dyadic,SPEAKER_00," Take a look.  He looked at them. He understood them.  And he just shook his head and said, I guess we.  You got to do it.  How important was it for you to make this case when you made it?  Because we've been I guess seven days into we can't make the cure worse than the disease and aspirational goal to open by Easter.  So how important was it for you to go in and make that case? I guess it was just yesterday.  While it was very important because from a public health standpoint, we felt strongly that it would have been the wrong decision to pull back. "
256.94,265.87,dyadic,SPEAKER_01," So how important was it for you to go in and make that case? I guess it was just yesterday.  While it was very important because from a public health standpoint, we felt strongly that it would have been the wrong decision to pull back.  I mean, we are scientists, physicians, public health officials. We're not economists. We're sensitive to the idea that the economy could suffer. "
265.93,292.09,single,SPEAKER_01," While it was very important because from a public health standpoint, we felt strongly that it would have been the wrong decision to pull back.  I mean, we are scientists, physicians, public health officials. We're not economists. We're sensitive to the idea that the economy could suffer.  But it was patently obvious looking at the data that at the end of the day, if we try to push back prematurely, not only would we lose lives, but it probably would even hurt the economy.  So you would lose on double accounts. So to us, there was no question.  You've been in a position where you've had to talk about modeling to lay people probably more than you would ever like to. "
290.55,290.96,single,SPEAKER_00," So you would lose on double accounts. So to us, there was no question.  You've been in a position where you've had to talk about modeling to lay people probably more than you would ever like to. "
292.34,293.77,single,SPEAKER_01," So you would lose on double accounts. So to us, there was no question.  You've been in a position where you've had to talk about modeling to lay people probably more than you would ever like to. "
293.77,294.89,single,SPEAKER_00," So you would lose on double accounts. So to us, there was no question.  You've been in a position where you've had to talk about modeling to lay people probably more than you would ever like to. "
294.96,311.32,dyadic,SPEAKER_00," So you would lose on double accounts. So to us, there was no question.  You've been in a position where you've had to talk about modeling to lay people probably more than you would ever like to.  And I know that you make the case that models are only based on your best assumptions, but just so people understand exactly what you're saying here with this 100,000 to 200,000 death.  Is that even with the measures we have?  Yeah, that was a varying degrees of implementation and success of the methods. "
312.37,315.9,dyadic,SPEAKER_00," And I know that you make the case that models are only based on your best assumptions, but just so people understand exactly what you're saying here with this 100,000 to 200,000 death.  Is that even with the measures we have?  Yeah, that was a varying degrees of implementation and success of the methods.  I believe. "
313.84,314.26,dyadic,SPEAKER_01," And I know that you make the case that models are only based on your best assumptions, but just so people understand exactly what you're saying here with this 100,000 to 200,000 death.  Is that even with the measures we have?  Yeah, that was a varying degrees of implementation and success of the methods.  I believe. "
317.58,327.76,dyadic,SPEAKER_01," Is that even with the measures we have?  Yeah, that was a varying degrees of implementation and success of the methods.  I believe. "
327.83,360.8,single,SPEAKER_01," Is that even with the measures we have?  Yeah, that was a varying degrees of implementation and success of the methods.  I believe.  Looking at the dynamics now that if we really do pull a full press on the mitigation, and importantly, if we get the areas that are spiking now, New York, New Orleans, maybe Detroit, get them under control.  As importantly, there are a number of areas in the country that have relatively few cases.  Those are the ones that are vulnerable and dangerous to go along and then spike.  So at the same time that we're constantly.  concentrating on the ones that were mitigating the New York's, the New Orleans. "
339.18,339.44,single,SPEAKER_00," I believe.  Looking at the dynamics now that if we really do pull a full press on the mitigation, and importantly, if we get the areas that are spiking now, New York, New Orleans, maybe Detroit, get them under control.  As importantly, there are a number of areas in the country that have relatively few cases. "
360.97,379.15,single,SPEAKER_01," As importantly, there are a number of areas in the country that have relatively few cases.  Those are the ones that are vulnerable and dangerous to go along and then spike.  So at the same time that we're constantly.  concentrating on the ones that were mitigating the New York's, the New Orleans.  You've got to look at those other areas and make sure you very vigorously identify, test, concentrate, get individuals who you take at a society because they're isolated.  And do contact tracing.  If you just look at those and say, there are very little infections in this area or that area or that area.  We don't have to worry about it.  You're making a big mistake because those are timbers that can turn into big fires.  So you got to do both. "
379.21,402.13,dyadic,SPEAKER_01," You've got to look at those other areas and make sure you very vigorously identify, test, concentrate, get individuals who you take at a society because they're isolated.  And do contact tracing.  If you just look at those and say, there are very little infections in this area or that area or that area.  We don't have to worry about it.  You're making a big mistake because those are timbers that can turn into big fires.  So you got to do both.  You got to mitigate the ones that it's obvious trouble, but you got to stop the ones that are starting to spark.  And even with that, you think 100,000 deaths is a reasonable projection.  We had a bad season in 2017-18. "
403.17,407.71,dyadic,SPEAKER_00," We don't have to worry about it.  You're making a big mistake because those are timbers that can turn into big fires.  So you got to do both.  You got to mitigate the ones that it's obvious trouble, but you got to stop the ones that are starting to spark.  And even with that, you think 100,000 deaths is a reasonable projection.  We had a bad season in 2017-18.  We lost over 60,000 people just in a seasonal...  This is clearly worse than that.  So I would not be surprised. I don't want to see it. "
409.42,410.26,dyadic,SPEAKER_01," You're making a big mistake because those are timbers that can turn into big fires.  So you got to do both.  You got to mitigate the ones that it's obvious trouble, but you got to stop the ones that are starting to spark.  And even with that, you think 100,000 deaths is a reasonable projection.  We had a bad season in 2017-18.  We lost over 60,000 people just in a seasonal...  This is clearly worse than that.  So I would not be surprised. I don't want to see it.  I'd like to... "
411.38,413.92,dyadic,SPEAKER_01," So you got to do both.  You got to mitigate the ones that it's obvious trouble, but you got to stop the ones that are starting to spark.  And even with that, you think 100,000 deaths is a reasonable projection.  We had a bad season in 2017-18.  We lost over 60,000 people just in a seasonal...  This is clearly worse than that.  So I would not be surprised. I don't want to see it.  I'd like to...  100,000 deaths. "
414.65,422.41,dyadic,SPEAKER_01," So you got to do both.  You got to mitigate the ones that it's obvious trouble, but you got to stop the ones that are starting to spark.  And even with that, you think 100,000 deaths is a reasonable projection.  We had a bad season in 2017-18.  We lost over 60,000 people just in a seasonal...  This is clearly worse than that.  So I would not be surprised. I don't want to see it.  I'd like to...  100,000 deaths.  You talked about New York, New Orleans, Detroit, any other cities you're specifically concerned. "
423.09,429.53,dyadic,SPEAKER_01," And even with that, you think 100,000 deaths is a reasonable projection.  We had a bad season in 2017-18.  We lost over 60,000 people just in a seasonal...  This is clearly worse than that.  So I would not be surprised. I don't want to see it.  I'd like to...  100,000 deaths.  You talked about New York, New Orleans, Detroit, any other cities you're specifically concerned.  Well, you know, there are cities outside the New York area.  For example, the city's in New Jersey.  You know, nowhere can play.  This is like that in Connecticut Fair Fat Count. "
425.18,425.47,dyadic,SPEAKER_00," We had a bad season in 2017-18.  We lost over 60,000 people just in a seasonal...  This is clearly worse than that.  So I would not be surprised. I don't want to see it.  I'd like to...  100,000 deaths.  You talked about New York, New Orleans, Detroit, any other cities you're specifically concerned.  Well, you know, there are cities outside the New York area.  For example, the city's in New Jersey. "
428.52,428.89,dyadic,SPEAKER_00," We had a bad season in 2017-18.  We lost over 60,000 people just in a seasonal...  This is clearly worse than that.  So I would not be surprised. I don't want to see it.  I'd like to...  100,000 deaths.  You talked about New York, New Orleans, Detroit, any other cities you're specifically concerned.  Well, you know, there are cities outside the New York area.  For example, the city's in New Jersey.  You know, nowhere can play.  This is like that in Connecticut Fair Fat Count. "
430.11,432.94,dyadic,SPEAKER_01," We had a bad season in 2017-18.  We lost over 60,000 people just in a seasonal...  This is clearly worse than that.  So I would not be surprised. I don't want to see it.  I'd like to...  100,000 deaths.  You talked about New York, New Orleans, Detroit, any other cities you're specifically concerned.  Well, you know, there are cities outside the New York area.  For example, the city's in New Jersey.  You know, nowhere can play.  This is like that in Connecticut Fair Fat Count. "
432.94,438.97,dyadic,SPEAKER_00," We had a bad season in 2017-18.  We lost over 60,000 people just in a seasonal...  This is clearly worse than that.  So I would not be surprised. I don't want to see it.  I'd like to...  100,000 deaths.  You talked about New York, New Orleans, Detroit, any other cities you're specifically concerned.  Well, you know, there are cities outside the New York area.  For example, the city's in New Jersey.  You know, nowhere can play.  This is like that in Connecticut Fair Fat Count.  Groundage, Los Angeles, perhaps.  Cities in the Midwest, some of the larger cities. "
441.19,447.88,dyadic,SPEAKER_01," This is clearly worse than that.  So I would not be surprised. I don't want to see it.  I'd like to...  100,000 deaths.  You talked about New York, New Orleans, Detroit, any other cities you're specifically concerned.  Well, you know, there are cities outside the New York area.  For example, the city's in New Jersey.  You know, nowhere can play.  This is like that in Connecticut Fair Fat Count.  Groundage, Los Angeles, perhaps.  Cities in the Midwest, some of the larger cities.  Those are the things we get concerned about.  Because thus far, they seem to be doing well.  But they have the potential.  But they have the potential. "
447.95,450.98,single,SPEAKER_01," I'd like to...  100,000 deaths.  You talked about New York, New Orleans, Detroit, any other cities you're specifically concerned.  Well, you know, there are cities outside the New York area.  For example, the city's in New Jersey.  You know, nowhere can play.  This is like that in Connecticut Fair Fat Count.  Groundage, Los Angeles, perhaps.  Cities in the Midwest, some of the larger cities.  Those are the things we get concerned about.  Because thus far, they seem to be doing well.  But they have the potential.  But they have the potential. "
451.74,466.03,single,SPEAKER_01," 100,000 deaths.  You talked about New York, New Orleans, Detroit, any other cities you're specifically concerned.  Well, you know, there are cities outside the New York area.  For example, the city's in New Jersey.  You know, nowhere can play.  This is like that in Connecticut Fair Fat Count.  Groundage, Los Angeles, perhaps.  Cities in the Midwest, some of the larger cities.  Those are the things we get concerned about.  Because thus far, they seem to be doing well.  But they have the potential.  But they have the potential.  evidence have you seen that supplies are disappearing from hospitals at unusual rates.  The president said something that got a lot of people's attention that hospitals at normally  were 23,000 masks were having to order 200,000 to 300,000 and that suggests that they're  walking out the back door.  What evidence have you seen that these masks may be walking out the back door? "
466.03,467.6,single,SPEAKER_00," For example, the city's in New Jersey.  You know, nowhere can play.  This is like that in Connecticut Fair Fat Count.  Groundage, Los Angeles, perhaps.  Cities in the Midwest, some of the larger cities.  Those are the things we get concerned about.  Because thus far, they seem to be doing well.  But they have the potential.  But they have the potential.  evidence have you seen that supplies are disappearing from hospitals at unusual rates.  The president said something that got a lot of people's attention that hospitals at normally  were 23,000 masks were having to order 200,000 to 300,000 and that suggests that they're  walking out the back door.  What evidence have you seen that these masks may be walking out the back door? "
467.6,467.62,single,SPEAKER_01," You know, nowhere can play.  This is like that in Connecticut Fair Fat Count.  Groundage, Los Angeles, perhaps.  Cities in the Midwest, some of the larger cities.  Those are the things we get concerned about.  Because thus far, they seem to be doing well.  But they have the potential.  But they have the potential.  evidence have you seen that supplies are disappearing from hospitals at unusual rates.  The president said something that got a lot of people's attention that hospitals at normally  were 23,000 masks were having to order 200,000 to 300,000 and that suggests that they're  walking out the back door.  What evidence have you seen that these masks may be walking out the back door? "
467.62,468.9,single,SPEAKER_00," You know, nowhere can play.  This is like that in Connecticut Fair Fat Count.  Groundage, Los Angeles, perhaps.  Cities in the Midwest, some of the larger cities.  Those are the things we get concerned about.  Because thus far, they seem to be doing well.  But they have the potential.  But they have the potential.  evidence have you seen that supplies are disappearing from hospitals at unusual rates.  The president said something that got a lot of people's attention that hospitals at normally  were 23,000 masks were having to order 200,000 to 300,000 and that suggests that they're  walking out the back door.  What evidence have you seen that these masks may be walking out the back door? "
468.97,489.07,dyadic,SPEAKER_00," You know, nowhere can play.  This is like that in Connecticut Fair Fat Count.  Groundage, Los Angeles, perhaps.  Cities in the Midwest, some of the larger cities.  Those are the things we get concerned about.  Because thus far, they seem to be doing well.  But they have the potential.  But they have the potential.  evidence have you seen that supplies are disappearing from hospitals at unusual rates.  The president said something that got a lot of people's attention that hospitals at normally  were 23,000 masks were having to order 200,000 to 300,000 and that suggests that they're  walking out the back door.  What evidence have you seen that these masks may be walking out the back door?  You know, I have not looked at that carefully so I really can't comment.  I mean it could be that there are many more patients there that need them and they're  actually not walking out the door.  They're actually be utilized.  I don't know.  When that discussion came yesterday, I really didn't know what was going on.  So I'll have to check that out later and find out what the... "
490.91,509.89,dyadic,SPEAKER_01," evidence have you seen that supplies are disappearing from hospitals at unusual rates.  The president said something that got a lot of people's attention that hospitals at normally  were 23,000 masks were having to order 200,000 to 300,000 and that suggests that they're  walking out the back door.  What evidence have you seen that these masks may be walking out the back door?  You know, I have not looked at that carefully so I really can't comment.  I mean it could be that there are many more patients there that need them and they're  actually not walking out the door.  They're actually be utilized.  I don't know.  When that discussion came yesterday, I really didn't know what was going on.  So I'll have to check that out later and find out what the...  In terms of public health, one of the most important things in a public health crisis is  public trust.  How important is the consistent message in a public health crisis?  Well, it is important.  That's the reason why if you go back and take a look at the things I've said.  Over the last several weeks, they're really rather consistent.  I mean, almost word for word. "
510.87,510.9,dyadic,SPEAKER_01," You know, I have not looked at that carefully so I really can't comment.  I mean it could be that there are many more patients there that need them and they're  actually not walking out the door.  They're actually be utilized.  I don't know.  When that discussion came yesterday, I really didn't know what was going on.  So I'll have to check that out later and find out what the...  In terms of public health, one of the most important things in a public health crisis is  public trust.  How important is the consistent message in a public health crisis?  Well, it is important.  That's the reason why if you go back and take a look at the things I've said.  Over the last several weeks, they're really rather consistent.  I mean, almost word for word. "
510.9,511.34,dyadic,SPEAKER_00," You know, I have not looked at that carefully so I really can't comment.  I mean it could be that there are many more patients there that need them and they're  actually not walking out the door.  They're actually be utilized.  I don't know.  When that discussion came yesterday, I really didn't know what was going on.  So I'll have to check that out later and find out what the...  In terms of public health, one of the most important things in a public health crisis is  public trust.  How important is the consistent message in a public health crisis?  Well, it is important.  That's the reason why if you go back and take a look at the things I've said.  Over the last several weeks, they're really rather consistent.  I mean, almost word for word. "
512.79,520.42,dyadic,SPEAKER_00," You know, I have not looked at that carefully so I really can't comment.  I mean it could be that there are many more patients there that need them and they're  actually not walking out the door.  They're actually be utilized.  I don't know.  When that discussion came yesterday, I really didn't know what was going on.  So I'll have to check that out later and find out what the...  In terms of public health, one of the most important things in a public health crisis is  public trust.  How important is the consistent message in a public health crisis?  Well, it is important.  That's the reason why if you go back and take a look at the things I've said.  Over the last several weeks, they're really rather consistent.  I mean, almost word for word.  Sometimes as we get more cases...  You know, I get a little bit more emphatic about what we should do and that's the reason "
522.9,528.13,dyadic,SPEAKER_01," actually not walking out the door.  They're actually be utilized.  I don't know.  When that discussion came yesterday, I really didn't know what was going on.  So I'll have to check that out later and find out what the...  In terms of public health, one of the most important things in a public health crisis is  public trust.  How important is the consistent message in a public health crisis?  Well, it is important.  That's the reason why if you go back and take a look at the things I've said.  Over the last several weeks, they're really rather consistent.  I mean, almost word for word.  Sometimes as we get more cases...  You know, I get a little bit more emphatic about what we should do and that's the reason  why I made a big pitch to do a couple of things over the last couple of years. "
528.19,537.15,single,SPEAKER_01," When that discussion came yesterday, I really didn't know what was going on.  So I'll have to check that out later and find out what the...  In terms of public health, one of the most important things in a public health crisis is  public trust.  How important is the consistent message in a public health crisis?  Well, it is important.  That's the reason why if you go back and take a look at the things I've said.  Over the last several weeks, they're really rather consistent.  I mean, almost word for word.  Sometimes as we get more cases...  You know, I get a little bit more emphatic about what we should do and that's the reason  why I made a big pitch to do a couple of things over the last couple of years.  In New York, do you feel that every official speaking at a microphone has been as consistent  as you have been over the last...  You know, not everybody's the same.  People have different styles about how they communicate. "
532.18,532.49,single,SPEAKER_00," So I'll have to check that out later and find out what the...  In terms of public health, one of the most important things in a public health crisis is  public trust.  How important is the consistent message in a public health crisis?  Well, it is important.  That's the reason why if you go back and take a look at the things I've said.  Over the last several weeks, they're really rather consistent.  I mean, almost word for word.  Sometimes as we get more cases...  You know, I get a little bit more emphatic about what we should do and that's the reason  why I made a big pitch to do a couple of things over the last couple of years.  In New York, do you feel that every official speaking at a microphone has been as consistent  as you have been over the last... "
537.6,537.97,single,SPEAKER_01," In terms of public health, one of the most important things in a public health crisis is  public trust.  How important is the consistent message in a public health crisis?  Well, it is important.  That's the reason why if you go back and take a look at the things I've said.  Over the last several weeks, they're really rather consistent.  I mean, almost word for word.  Sometimes as we get more cases...  You know, I get a little bit more emphatic about what we should do and that's the reason  why I made a big pitch to do a couple of things over the last couple of years.  In New York, do you feel that every official speaking at a microphone has been as consistent  as you have been over the last...  You know, not everybody's the same.  People have different styles about how they communicate. "
538.04,547.81,dyadic,SPEAKER_01," In terms of public health, one of the most important things in a public health crisis is  public trust.  How important is the consistent message in a public health crisis?  Well, it is important.  That's the reason why if you go back and take a look at the things I've said.  Over the last several weeks, they're really rather consistent.  I mean, almost word for word.  Sometimes as we get more cases...  You know, I get a little bit more emphatic about what we should do and that's the reason  why I made a big pitch to do a couple of things over the last couple of years.  In New York, do you feel that every official speaking at a microphone has been as consistent  as you have been over the last...  You know, not everybody's the same.  People have different styles about how they communicate.  Testing.  Right now, New York City, or New York State, I should say, is developing or has developed  a test that can be taken with saliva and nasal swab of self-test. "
548.03,549.26,dyadic,SPEAKER_00," Well, it is important.  That's the reason why if you go back and take a look at the things I've said.  Over the last several weeks, they're really rather consistent.  I mean, almost word for word.  Sometimes as we get more cases...  You know, I get a little bit more emphatic about what we should do and that's the reason  why I made a big pitch to do a couple of things over the last couple of years.  In New York, do you feel that every official speaking at a microphone has been as consistent  as you have been over the last...  You know, not everybody's the same.  People have different styles about how they communicate.  Testing.  Right now, New York City, or New York State, I should say, is developing or has developed  a test that can be taken with saliva and nasal swab of self-test. "
548.05,549.46,dyadic,SPEAKER_01," Well, it is important.  That's the reason why if you go back and take a look at the things I've said.  Over the last several weeks, they're really rather consistent.  I mean, almost word for word.  Sometimes as we get more cases...  You know, I get a little bit more emphatic about what we should do and that's the reason  why I made a big pitch to do a couple of things over the last couple of years.  In New York, do you feel that every official speaking at a microphone has been as consistent  as you have been over the last...  You know, not everybody's the same.  People have different styles about how they communicate.  Testing.  Right now, New York City, or New York State, I should say, is developing or has developed  a test that can be taken with saliva and nasal swab of self-test.  How important is this to battle? "
549.46,549.6,dyadic,SPEAKER_00," Well, it is important.  That's the reason why if you go back and take a look at the things I've said.  Over the last several weeks, they're really rather consistent.  I mean, almost word for word.  Sometimes as we get more cases...  You know, I get a little bit more emphatic about what we should do and that's the reason  why I made a big pitch to do a couple of things over the last couple of years.  In New York, do you feel that every official speaking at a microphone has been as consistent  as you have been over the last...  You know, not everybody's the same.  People have different styles about how they communicate.  Testing.  Right now, New York City, or New York State, I should say, is developing or has developed  a test that can be taken with saliva and nasal swab of self-test.  How important is this to battle? "
549.6,550.04,dyadic,SPEAKER_01," Well, it is important.  That's the reason why if you go back and take a look at the things I've said.  Over the last several weeks, they're really rather consistent.  I mean, almost word for word.  Sometimes as we get more cases...  You know, I get a little bit more emphatic about what we should do and that's the reason  why I made a big pitch to do a couple of things over the last couple of years.  In New York, do you feel that every official speaking at a microphone has been as consistent  as you have been over the last...  You know, not everybody's the same.  People have different styles about how they communicate.  Testing.  Right now, New York City, or New York State, I should say, is developing or has developed  a test that can be taken with saliva and nasal swab of self-test.  How important is this to battle? "
550.04,557.77,dyadic,SPEAKER_00," Well, it is important.  That's the reason why if you go back and take a look at the things I've said.  Over the last several weeks, they're really rather consistent.  I mean, almost word for word.  Sometimes as we get more cases...  You know, I get a little bit more emphatic about what we should do and that's the reason  why I made a big pitch to do a couple of things over the last couple of years.  In New York, do you feel that every official speaking at a microphone has been as consistent  as you have been over the last...  You know, not everybody's the same.  People have different styles about how they communicate.  Testing.  Right now, New York City, or New York State, I should say, is developing or has developed  a test that can be taken with saliva and nasal swab of self-test.  How important is this to battle?  You know, I think it's very important because what you want, if you're going to immediately "
557.77,557.8,dyadic,SPEAKER_01," I mean, almost word for word.  Sometimes as we get more cases...  You know, I get a little bit more emphatic about what we should do and that's the reason  why I made a big pitch to do a couple of things over the last couple of years.  In New York, do you feel that every official speaking at a microphone has been as consistent  as you have been over the last...  You know, not everybody's the same.  People have different styles about how they communicate.  Testing.  Right now, New York City, or New York State, I should say, is developing or has developed  a test that can be taken with saliva and nasal swab of self-test.  How important is this to battle?  You know, I think it's very important because what you want, if you're going to immediately "
558.61,558.8,dyadic,SPEAKER_01," I mean, almost word for word.  Sometimes as we get more cases...  You know, I get a little bit more emphatic about what we should do and that's the reason  why I made a big pitch to do a couple of things over the last couple of years.  In New York, do you feel that every official speaking at a microphone has been as consistent  as you have been over the last...  You know, not everybody's the same.  People have different styles about how they communicate.  Testing.  Right now, New York City, or New York State, I should say, is developing or has developed  a test that can be taken with saliva and nasal swab of self-test.  How important is this to battle?  You know, I think it's very important because what you want, if you're going to immediately "
559.49,564.03,dyadic,SPEAKER_01," I mean, almost word for word.  Sometimes as we get more cases...  You know, I get a little bit more emphatic about what we should do and that's the reason  why I made a big pitch to do a couple of things over the last couple of years.  In New York, do you feel that every official speaking at a microphone has been as consistent  as you have been over the last...  You know, not everybody's the same.  People have different styles about how they communicate.  Testing.  Right now, New York City, or New York State, I should say, is developing or has developed  a test that can be taken with saliva and nasal swab of self-test.  How important is this to battle?  You know, I think it's very important because what you want, if you're going to immediately  identify, isolate and contact trace a per... "
564.03,564.26,dyadic,SPEAKER_00," You know, I get a little bit more emphatic about what we should do and that's the reason  why I made a big pitch to do a couple of things over the last couple of years.  In New York, do you feel that every official speaking at a microphone has been as consistent  as you have been over the last...  You know, not everybody's the same.  People have different styles about how they communicate.  Testing.  Right now, New York City, or New York State, I should say, is developing or has developed  a test that can be taken with saliva and nasal swab of self-test.  How important is this to battle?  You know, I think it's very important because what you want, if you're going to immediately  identify, isolate and contact trace a per... "
565.36,577.88,dyadic,SPEAKER_00," You know, I get a little bit more emphatic about what we should do and that's the reason  why I made a big pitch to do a couple of things over the last couple of years.  In New York, do you feel that every official speaking at a microphone has been as consistent  as you have been over the last...  You know, not everybody's the same.  People have different styles about how they communicate.  Testing.  Right now, New York City, or New York State, I should say, is developing or has developed  a test that can be taken with saliva and nasal swab of self-test.  How important is this to battle?  You know, I think it's very important because what you want, if you're going to immediately  identify, isolate and contact trace a per...  person so that you could quickly get them out of society and stop spreading other people.  You want to test that you know the answer right away.  One of the problems with tests that you get back several days later is that you generally "
579.72,590.02,dyadic,SPEAKER_01," as you have been over the last...  You know, not everybody's the same.  People have different styles about how they communicate.  Testing.  Right now, New York City, or New York State, I should say, is developing or has developed  a test that can be taken with saliva and nasal swab of self-test.  How important is this to battle?  You know, I think it's very important because what you want, if you're going to immediately  identify, isolate and contact trace a per...  person so that you could quickly get them out of society and stop spreading other people.  You want to test that you know the answer right away.  One of the problems with tests that you get back several days later is that you generally  let that person who might actually be infected to go back into society and inadvertently  be infecting other people while you're waiting for the result of the test. "
590.09,635.23,single,SPEAKER_01," People have different styles about how they communicate.  Testing.  Right now, New York City, or New York State, I should say, is developing or has developed  a test that can be taken with saliva and nasal swab of self-test.  How important is this to battle?  You know, I think it's very important because what you want, if you're going to immediately  identify, isolate and contact trace a per...  person so that you could quickly get them out of society and stop spreading other people.  You want to test that you know the answer right away.  One of the problems with tests that you get back several days later is that you generally  let that person who might actually be infected to go back into society and inadvertently  be infecting other people while you're waiting for the result of the test.  So if you really want to do what I mentioned just a moment ago is to really get the handle  on those areas where they don't have a lot of infected individuals where you want to effectively  identify, isolate and contact trace, you want the result of the test in real time.  You want to know exactly what you're dealing with at the time you're dealing with it.  In terms of the other tests on some of these drugs for treatments, can you give us an update  on what you're hearing, how effective...  Well, you'll never know if a drug is really effective unless you compare it to something  and that's called a randomized controlled clinical trial.  Pair drug X and standard of care with just standard of care. "
635.3,639.04,dyadic,SPEAKER_01," let that person who might actually be infected to go back into society and inadvertently  be infecting other people while you're waiting for the result of the test.  So if you really want to do what I mentioned just a moment ago is to really get the handle  on those areas where they don't have a lot of infected individuals where you want to effectively  identify, isolate and contact trace, you want the result of the test in real time.  You want to know exactly what you're dealing with at the time you're dealing with it.  In terms of the other tests on some of these drugs for treatments, can you give us an update  on what you're hearing, how effective...  Well, you'll never know if a drug is really effective unless you compare it to something  and that's called a randomized controlled clinical trial.  Pair drug X and standard of care with just standard of care. "
639.04,639.17,dyadic,SPEAKER_00," be infecting other people while you're waiting for the result of the test.  So if you really want to do what I mentioned just a moment ago is to really get the handle  on those areas where they don't have a lot of infected individuals where you want to effectively  identify, isolate and contact trace, you want the result of the test in real time.  You want to know exactly what you're dealing with at the time you're dealing with it.  In terms of the other tests on some of these drugs for treatments, can you give us an update  on what you're hearing, how effective...  Well, you'll never know if a drug is really effective unless you compare it to something  and that's called a randomized controlled clinical trial.  Pair drug X and standard of care with just standard of care. "
639.86,648.94,dyadic,SPEAKER_00," be infecting other people while you're waiting for the result of the test.  So if you really want to do what I mentioned just a moment ago is to really get the handle  on those areas where they don't have a lot of infected individuals where you want to effectively  identify, isolate and contact trace, you want the result of the test in real time.  You want to know exactly what you're dealing with at the time you're dealing with it.  In terms of the other tests on some of these drugs for treatments, can you give us an update  on what you're hearing, how effective...  Well, you'll never know if a drug is really effective unless you compare it to something  and that's called a randomized controlled clinical trial.  Pair drug X and standard of care with just standard of care.  We have a test of a drug called Remdesivir that's undergoing a standard of randomized  controlled trial.  We have about 200 people in that trial, hopefully in the next few weeks to a month or so, "
651.0,661.26,dyadic,SPEAKER_01," on those areas where they don't have a lot of infected individuals where you want to effectively  identify, isolate and contact trace, you want the result of the test in real time.  You want to know exactly what you're dealing with at the time you're dealing with it.  In terms of the other tests on some of these drugs for treatments, can you give us an update  on what you're hearing, how effective...  Well, you'll never know if a drug is really effective unless you compare it to something  and that's called a randomized controlled clinical trial.  Pair drug X and standard of care with just standard of care.  We have a test of a drug called Remdesivir that's undergoing a standard of randomized  controlled trial.  We have about 200 people in that trial, hopefully in the next few weeks to a month or so,  we'll be able to get data that will give us a definitive determination as to whether or  not the drug works and whether or not.  Dr. Fauci, just in the last few minutes you've been on with me, I've been looking down "
661.33,665.83,single,SPEAKER_01," identify, isolate and contact trace, you want the result of the test in real time.  You want to know exactly what you're dealing with at the time you're dealing with it.  In terms of the other tests on some of these drugs for treatments, can you give us an update  on what you're hearing, how effective...  Well, you'll never know if a drug is really effective unless you compare it to something  and that's called a randomized controlled clinical trial.  Pair drug X and standard of care with just standard of care.  We have a test of a drug called Remdesivir that's undergoing a standard of randomized  controlled trial.  We have about 200 people in that trial, hopefully in the next few weeks to a month or so,  we'll be able to get data that will give us a definitive determination as to whether or  not the drug works and whether or not.  Dr. Fauci, just in the last few minutes you've been on with me, I've been looking down  in my email on my Twitter account and there's so many people writing in first of all "
666.46,688.95,single,SPEAKER_01," You want to know exactly what you're dealing with at the time you're dealing with it.  In terms of the other tests on some of these drugs for treatments, can you give us an update  on what you're hearing, how effective...  Well, you'll never know if a drug is really effective unless you compare it to something  and that's called a randomized controlled clinical trial.  Pair drug X and standard of care with just standard of care.  We have a test of a drug called Remdesivir that's undergoing a standard of randomized  controlled trial.  We have about 200 people in that trial, hopefully in the next few weeks to a month or so,  we'll be able to get data that will give us a definitive determination as to whether or  not the drug works and whether or not.  Dr. Fauci, just in the last few minutes you've been on with me, I've been looking down  in my email on my Twitter account and there's so many people writing in first of all  grateful for the work you're doing, but also frankly concerned with how hard you're working.  You're talking to yourself, like many of us do on TV.  So how are you doing through all this in this hard work and what do you want to tell  the American people about your own health?  Well, I'm fine, I'm healthy, I'm tired, I don't get nearly enough sleep as I should. "
688.6,688.63,single,SPEAKER_00," and that's called a randomized controlled clinical trial.  Pair drug X and standard of care with just standard of care.  We have a test of a drug called Remdesivir that's undergoing a standard of randomized  controlled trial.  We have about 200 people in that trial, hopefully in the next few weeks to a month or so,  we'll be able to get data that will give us a definitive determination as to whether or  not the drug works and whether or not.  Dr. Fauci, just in the last few minutes you've been on with me, I've been looking down  in my email on my Twitter account and there's so many people writing in first of all  grateful for the work you're doing, but also frankly concerned with how hard you're working.  You're talking to yourself, like many of us do on TV.  So how are you doing through all this in this hard work and what do you want to tell  the American people about your own health? "
689.88,690.79,single,SPEAKER_00," and that's called a randomized controlled clinical trial.  Pair drug X and standard of care with just standard of care.  We have a test of a drug called Remdesivir that's undergoing a standard of randomized  controlled trial.  We have about 200 people in that trial, hopefully in the next few weeks to a month or so,  we'll be able to get data that will give us a definitive determination as to whether or  not the drug works and whether or not.  Dr. Fauci, just in the last few minutes you've been on with me, I've been looking down  in my email on my Twitter account and there's so many people writing in first of all  grateful for the work you're doing, but also frankly concerned with how hard you're working.  You're talking to yourself, like many of us do on TV.  So how are you doing through all this in this hard work and what do you want to tell  the American people about your own health?  Well, I'm fine, I'm healthy, I'm tired, I don't get nearly enough sleep as I should. "
690.86,714.62,dyadic,SPEAKER_00," Pair drug X and standard of care with just standard of care.  We have a test of a drug called Remdesivir that's undergoing a standard of randomized  controlled trial.  We have about 200 people in that trial, hopefully in the next few weeks to a month or so,  we'll be able to get data that will give us a definitive determination as to whether or  not the drug works and whether or not.  Dr. Fauci, just in the last few minutes you've been on with me, I've been looking down  in my email on my Twitter account and there's so many people writing in first of all  grateful for the work you're doing, but also frankly concerned with how hard you're working.  You're talking to yourself, like many of us do on TV.  So how are you doing through all this in this hard work and what do you want to tell  the American people about your own health?  Well, I'm fine, I'm healthy, I'm tired, I don't get nearly enough sleep as I should.  This is not my regular voice, I'm constantly briefing people, talking, testifying, doing  interviews.  It's a long day, I mean, I work pretty much hours anyway, but I'm getting only about four  or five hours of sleep, mostly four hours of sleep.  Tonight, there's a lot of things to do when you're working in the White House, it's  a very, very busy place.  Well, we're grateful for the work that you're doing, Dr. Fauci, we're grateful for your "
716.21,746.21,dyadic,SPEAKER_01," we'll be able to get data that will give us a definitive determination as to whether or  not the drug works and whether or not.  Dr. Fauci, just in the last few minutes you've been on with me, I've been looking down  in my email on my Twitter account and there's so many people writing in first of all  grateful for the work you're doing, but also frankly concerned with how hard you're working.  You're talking to yourself, like many of us do on TV.  So how are you doing through all this in this hard work and what do you want to tell  the American people about your own health?  Well, I'm fine, I'm healthy, I'm tired, I don't get nearly enough sleep as I should.  This is not my regular voice, I'm constantly briefing people, talking, testifying, doing  interviews.  It's a long day, I mean, I work pretty much hours anyway, but I'm getting only about four  or five hours of sleep, mostly four hours of sleep.  Tonight, there's a lot of things to do when you're working in the White House, it's  a very, very busy place.  Well, we're grateful for the work that you're doing, Dr. Fauci, we're grateful for your  consistent message.  Thank you for coming on this morning and telling us the things that you have seen and what  you need to see going forward.  Appreciate it, sir. "
746.99,758.04,dyadic,SPEAKER_00," the American people about your own health?  Well, I'm fine, I'm healthy, I'm tired, I don't get nearly enough sleep as I should.  This is not my regular voice, I'm constantly briefing people, talking, testifying, doing  interviews.  It's a long day, I mean, I work pretty much hours anyway, but I'm getting only about four  or five hours of sleep, mostly four hours of sleep.  Tonight, there's a lot of things to do when you're working in the White House, it's  a very, very busy place.  Well, we're grateful for the work that you're doing, Dr. Fauci, we're grateful for your  consistent message.  Thank you for coming on this morning and telling us the things that you have seen and what  you need to see going forward.  Appreciate it, sir. "
759.81,760.44,dyadic,SPEAKER_00," This is not my regular voice, I'm constantly briefing people, talking, testifying, doing  interviews.  It's a long day, I mean, I work pretty much hours anyway, but I'm getting only about four  or five hours of sleep, mostly four hours of sleep.  Tonight, there's a lot of things to do when you're working in the White House, it's  a very, very busy place.  Well, we're grateful for the work that you're doing, Dr. Fauci, we're grateful for your  consistent message.  Thank you for coming on this morning and telling us the things that you have seen and what  you need to see going forward.  Appreciate it, sir. "
