start_time,end_time,speaker
0.8,6.32,SPEAKER_00
7.36,9.76,SPEAKER_00
10.56,12.64,SPEAKER_00
14.8,15.36,SPEAKER_00
15.52,16.4,SPEAKER_00
24.4,26.32,SPEAKER_01
26.48,28.08,SPEAKER_01
28.48,31.84,SPEAKER_00
33.04,39.2,SPEAKER_00
39.92,40.0,SPEAKER_00
40.08,46.0,SPEAKER_00
46.16,46.64,SPEAKER_00
46.88,47.6,SPEAKER_00
47.84,50.96,SPEAKER_00
51.84,55.52,SPEAKER_00
56.56,56.96,SPEAKER_01
57.44,58.08,SPEAKER_00
59.12,62.32,SPEAKER_00
62.48,62.96,SPEAKER_01
63.2,63.6,SPEAKER_00
64.0,66.88,SPEAKER_01
68.24,71.84,SPEAKER_01
71.36,71.92,SPEAKER_00
73.2,74.0,SPEAKER_00
74.16,78.56,SPEAKER_00
79.44,80.0,SPEAKER_01
79.6,80.0,SPEAKER_00
80.8,81.36,SPEAKER_00
81.52,84.24,SPEAKER_01
86.16,86.88,SPEAKER_01
87.36,87.52,SPEAKER_00
87.44,88.4,SPEAKER_01
88.8,89.12,SPEAKER_01
89.44,91.04,SPEAKER_00
90.08,90.24,SPEAKER_01
92.08,94.16,SPEAKER_00
94.64,95.04,SPEAKER_01
95.28,96.24,SPEAKER_00
97.28,98.8,SPEAKER_00
98.88,99.36,SPEAKER_01
99.44,99.76,SPEAKER_00
100.32,102.96,SPEAKER_00
101.92,102.56,SPEAKER_01
103.84,107.12,SPEAKER_01
107.6,108.08,SPEAKER_00
107.68,109.44,SPEAKER_01
109.76,111.84,SPEAKER_00
112.64,114.72,SPEAKER_00
114.72,115.2,SPEAKER_01
116.32,117.6,SPEAKER_01
118.16,120.0,SPEAKER_01
120.56,124.16,SPEAKER_01
124.72,125.84,SPEAKER_01
125.92,127.28,SPEAKER_01
126.16,126.4,SPEAKER_00
127.68,129.76,SPEAKER_00
129.68,131.84,SPEAKER_01
132.8,133.36,SPEAKER_01
133.6,135.6,SPEAKER_01
135.52,137.44,SPEAKER_00
137.6,138.4,SPEAKER_01
138.64,142.24,SPEAKER_01
143.28,144.8,SPEAKER_01
145.44,148.32,SPEAKER_01
146.72,146.96,SPEAKER_00
147.92,148.48,SPEAKER_00
148.56,149.44,SPEAKER_00
150.0,152.56,SPEAKER_00
153.12,153.76,SPEAKER_00
169.36,169.92,SPEAKER_01
172.4,173.6,SPEAKER_01
176.64,178.0,SPEAKER_01
181.84,183.36,SPEAKER_01
187.12,188.56,SPEAKER_01
191.44,191.52,SPEAKER_01
191.6,193.44,SPEAKER_01
193.68,196.08,SPEAKER_01
197.12,199.76,SPEAKER_01
202.4,203.44,SPEAKER_01
204.08,205.6,SPEAKER_01
208.08,209.76,SPEAKER_01
211.36,212.8,SPEAKER_01
213.84,215.28,SPEAKER_01
217.92,219.2,SPEAKER_01
220.08,221.04,SPEAKER_01
222.4,222.72,SPEAKER_01
232.0,232.32,SPEAKER_01
232.8,233.2,SPEAKER_01
233.76,234.16,SPEAKER_01
239.6,240.0,SPEAKER_01
242.16,243.92,SPEAKER_01
247.2,249.44,SPEAKER_01
253.12,258.32,SPEAKER_01
261.6,262.08,SPEAKER_01
264.24,265.28,SPEAKER_01
266.32,268.08,SPEAKER_01
275.36,276.24,SPEAKER_01
276.56,277.04,SPEAKER_01
279.76,281.92,SPEAKER_01
283.68,284.32,SPEAKER_01
285.6,287.2,SPEAKER_01
289.04,290.24,SPEAKER_01
291.12,293.12,SPEAKER_01
295.68,297.04,SPEAKER_01
297.68,298.0,SPEAKER_01
298.88,300.07,SPEAKER_01
300.0,300.72,SPEAKER_00
300.72,302.72,SPEAKER_01
303.52,303.92,SPEAKER_00
305.12,305.68,SPEAKER_01
306.16,307.2,SPEAKER_01
310.88,314.24,SPEAKER_01
314.32,316.4,SPEAKER_01
317.52,319.76,SPEAKER_01
318.0,318.08,SPEAKER_00
318.48,318.64,SPEAKER_00
320.56,322.64,SPEAKER_01
324.88,325.36,SPEAKER_01
325.6,326.48,SPEAKER_01
327.68,328.96,SPEAKER_01
330.08,330.8,SPEAKER_01
332.56,333.28,SPEAKER_01
334.8,335.28,SPEAKER_01
337.44,337.84000000000003,SPEAKER_01
338.24,338.72,SPEAKER_01
340.56,341.68,SPEAKER_01
340.64,340.88,SPEAKER_00
342.72,344.0,SPEAKER_01
344.96,346.0,SPEAKER_01
354.56,355.36,SPEAKER_01
355.84000000000003,357.6,SPEAKER_01
357.68,358.24,SPEAKER_01
359.44,360.08,SPEAKER_00
371.84000000000003,373.68,SPEAKER_01
374.48,377.28,SPEAKER_01
378.4,387.52,SPEAKER_01
380.96,381.76,SPEAKER_00
387.92,388.0,SPEAKER_01
388.15999999999997,389.04,SPEAKER_01
393.04,395.04,SPEAKER_01
395.68,396.32,SPEAKER_01
396.4,398.0,SPEAKER_01
399.2,400.64,SPEAKER_01
401.76,402.24,SPEAKER_01
405.68,407.6,SPEAKER_00
408.48,410.48,SPEAKER_00
409.12,409.68,SPEAKER_01
410.08,414.8,SPEAKER_01
417.44,419.12,SPEAKER_01
421.52,424.56,SPEAKER_01
425.12,425.92,SPEAKER_01
428.32,429.03999999999996,SPEAKER_01
429.36,430.64,SPEAKER_01
435.52,436.56,SPEAKER_01
436.88,437.44,SPEAKER_01
438.96000000000004,439.44,SPEAKER_01
442.72,443.44,SPEAKER_01
446.88,449.91999999999996,SPEAKER_01
451.52,453.68,SPEAKER_01
454.4,456.88,SPEAKER_01
458.4,460.24,SPEAKER_01
460.64,464.64,SPEAKER_01
465.76,467.52,SPEAKER_01
468.24,471.12,SPEAKER_01
472.24,474.32,SPEAKER_01
475.12,475.68,SPEAKER_01
478.96000000000004,479.91999999999996,SPEAKER_01
481.03999999999996,482.48,SPEAKER_01
483.44,484.15999999999997,SPEAKER_01
486.32,487.12,SPEAKER_01
487.76,488.48,SPEAKER_01
490.32,491.36,SPEAKER_01
492.56,493.03999999999996,SPEAKER_01
494.72,495.52,SPEAKER_01
497.44,498.56,SPEAKER_01
502.32,503.36,SPEAKER_01
506.4,506.8,SPEAKER_01
509.2,509.52,SPEAKER_00
512.96,516.4,SPEAKER_01
518.0,518.64,SPEAKER_00
519.6800000000001,522.24,SPEAKER_00
525.6,526.56,SPEAKER_01
527.28,530.64,SPEAKER_01
531.52,532.56,SPEAKER_01
533.6800000000001,535.04,SPEAKER_01
535.6,536.48,SPEAKER_01
536.56,536.72,SPEAKER_01
536.8,540.16,SPEAKER_01
540.8,541.92,SPEAKER_01
542.72,544.0,SPEAKER_01
545.76,551.36,SPEAKER_01
552.0,553.2,SPEAKER_01
554.24,558.24,SPEAKER_01
558.88,561.28,SPEAKER_01
562.0,565.9200000000001,SPEAKER_01
566.72,570.4,SPEAKER_01
571.76,576.24,SPEAKER_01
577.12,577.6800000000001,SPEAKER_01
578.24,579.76,SPEAKER_01
580.72,582.0799999999999,SPEAKER_01
582.8,583.2,SPEAKER_00
583.12,583.6,SPEAKER_01
584.4,585.52,SPEAKER_00
585.6800000000001,586.96,SPEAKER_00
589.2,590.1600000000001,SPEAKER_00
591.6800000000001,593.76,SPEAKER_00
595.12,600.0699999999999,SPEAKER_00
600.0,600.32,SPEAKER_00
600.88,603.44,SPEAKER_00
602.32,604.24,SPEAKER_01
604.56,605.2,SPEAKER_01
604.72,606.56,SPEAKER_00
609.36,610.56,SPEAKER_00
610.88,616.08,SPEAKER_00
613.6,613.92,SPEAKER_01
616.64,618.24,SPEAKER_00
619.6,620.24,SPEAKER_00
620.8,622.0,SPEAKER_00
622.88,625.52,SPEAKER_00
624.96,625.6,SPEAKER_01
625.6,628.72,SPEAKER_00
628.88,636.4,SPEAKER_01
632.64,632.96,SPEAKER_00
637.84,640.8,SPEAKER_00
641.76,642.48,SPEAKER_00
641.84,642.88,SPEAKER_01
644.16,644.64,SPEAKER_00
644.8,645.2,SPEAKER_01
647.12,649.52,SPEAKER_01
650.32,652.48,SPEAKER_01
652.96,654.08,SPEAKER_00
666.3199999999999,667.36,SPEAKER_01
676.4,677.28,SPEAKER_00
677.44,678.24,SPEAKER_00
681.36,683.36,SPEAKER_00
685.52,687.6800000000001,SPEAKER_00
694.56,695.12,SPEAKER_00
695.2,696.88,SPEAKER_00
703.2,703.52,SPEAKER_00
710.3199999999999,710.72,SPEAKER_00
716.88,717.36,SPEAKER_01
718.8,719.28,SPEAKER_01
721.92,722.8,SPEAKER_01
725.12,726.16,SPEAKER_01
726.72,730.88,SPEAKER_01
728.0,728.56,SPEAKER_00
731.04,735.76,SPEAKER_01
731.84,732.0,SPEAKER_00
733.6800000000001,733.92,SPEAKER_00
734.56,735.04,SPEAKER_00
736.48,737.04,SPEAKER_01
738.0,739.6800000000001,SPEAKER_01
741.6800000000001,742.72,SPEAKER_01
741.76,741.92,SPEAKER_00
745.12,745.6,SPEAKER_01
747.12,747.52,SPEAKER_01
748.8,750.4,SPEAKER_01
751.04,751.92,SPEAKER_01
754.8,755.12,SPEAKER_00
758.88,759.04,SPEAKER_01
759.92,762.08,SPEAKER_00
764.16,767.52,SPEAKER_00
771.6,772.08,SPEAKER_01
775.12,776.24,SPEAKER_00
776.96,777.36,SPEAKER_01
778.64,779.36,SPEAKER_00
782.8,784.24,SPEAKER_00
787.28,787.92,SPEAKER_00
796.16,796.8,SPEAKER_01
800.88,802.08,SPEAKER_00
802.16,804.24,SPEAKER_00
804.96,805.6,SPEAKER_00
808.72,810.96,SPEAKER_00
811.52,815.84,SPEAKER_00
816.48,817.36,SPEAKER_00
819.84,820.24,SPEAKER_00
822.96,823.36,SPEAKER_00
825.6,826.16,SPEAKER_00
826.48,827.12,SPEAKER_00
828.0,829.84,SPEAKER_00
830.96,833.04,SPEAKER_00
846.08,848.8,SPEAKER_00
860.4,861.6800000000001,SPEAKER_01
868.48,870.48,SPEAKER_01
871.04,871.6,SPEAKER_01
873.6,877.04,SPEAKER_01
878.56,879.52,SPEAKER_01
882.48,885.8399999999999,SPEAKER_01
886.3199999999999,887.2,SPEAKER_01
888.1600000000001,891.28,SPEAKER_01
891.76,894.48,SPEAKER_01
895.44,896.1600000000001,SPEAKER_01
896.56,900.0699999999999,SPEAKER_01
900.0,902.56,SPEAKER_00
903.12,903.84,SPEAKER_00
904.8,906.24,SPEAKER_00
907.92,909.04,SPEAKER_00
910.64,913.44,SPEAKER_00
914.8,918.48,SPEAKER_00
920.4,921.84,SPEAKER_00
922.8,924.08,SPEAKER_00
924.72,927.68,SPEAKER_00
928.72,929.84,SPEAKER_00
930.8,932.16,SPEAKER_00
933.68,936.24,SPEAKER_00
936.88,942.48,SPEAKER_00
943.2,944.56,SPEAKER_00
945.76,946.56,SPEAKER_01
946.72,948.64,SPEAKER_00
949.6,952.32,SPEAKER_00
953.04,953.2,SPEAKER_01
953.6,954.0,SPEAKER_00
955.2,956.4,SPEAKER_00
958.48,960.16,SPEAKER_00
960.96,961.52,SPEAKER_00
965.36,966.4,SPEAKER_00
969.92,970.96,SPEAKER_00
973.6800000000001,974.0,SPEAKER_00
976.88,978.0,SPEAKER_01
979.44,981.76,SPEAKER_01
983.44,984.16,SPEAKER_01
985.36,987.2,SPEAKER_01
988.3199999999999,990.0,SPEAKER_01
991.92,995.12,SPEAKER_01
995.76,1001.36,SPEAKER_01
997.76,998.08,SPEAKER_00
1002.0,1004.56,SPEAKER_01
1004.0,1004.4,SPEAKER_00
1005.52,1006.88,SPEAKER_01
1008.4,1016.24,SPEAKER_01
1016.72,1017.76,SPEAKER_00
1017.76,1021.44,SPEAKER_01
1018.24,1019.04,SPEAKER_00
1022.48,1028.24,SPEAKER_01
1028.48,1030.24,SPEAKER_01
1030.8,1031.52,SPEAKER_01
1033.52,1035.92,SPEAKER_01
1036.0,1037.6,SPEAKER_01
1038.32,1041.44,SPEAKER_01
1042.32,1043.52,SPEAKER_01
1044.24,1046.96,SPEAKER_01
1047.52,1048.24,SPEAKER_01
1048.56,1048.88,SPEAKER_01
1049.92,1050.32,SPEAKER_00
1050.88,1051.92,SPEAKER_00
1052.16,1052.88,SPEAKER_01
1056.88,1058.16,SPEAKER_00
1063.6,1067.68,SPEAKER_02
1067.92,1069.68,SPEAKER_02
1070.32,1071.92,SPEAKER_02
1072.16,1074.0,SPEAKER_02
