start,end,start_frame,end_frame,speaker
0.03096875,2.00534375,0,48,SPEAKER_01
2.29221875,8.92409375,55,214,SPEAKER_01
9.78471875,9.852218750000002,234,236,SPEAKER_02
9.852218750000002,9.88596875,236,237,SPEAKER_01
9.88596875,11.337218750000002,237,272,SPEAKER_02
10.594718750000002,11.03346875,254,264,SPEAKER_01
23.70659375,28.11096875,568,674,SPEAKER_01
33.274718750000005,33.291593750000004,798,798,SPEAKER_01
33.291593750000004,43.53471875,798,1044,SPEAKER_02
44.580968750000004,52.83284375,1069,1267,SPEAKER_02
53.03534375,72.50909375,1272,1740,SPEAKER_02
73.13346875,78.01034375,1755,1872,SPEAKER_02
78.21284375,80.96346875,1877,1943,SPEAKER_02
82.34721875000001,85.50284375000001,1976,2052,SPEAKER_01
83.68034375,84.15284375,2008,2019,SPEAKER_02
86.36346875000001,92.80971875,2072,2227,SPEAKER_01
93.28221875000001,97.38284375,2238,2337,SPEAKER_01
97.73721875000001,98.56409375000001,2345,2365,SPEAKER_01
99.15471875,126.91409375,2379,3045,SPEAKER_01
125.68221875,125.96909375000001,3016,3023,SPEAKER_00
127.15034375,129.04034375,3051,3096,SPEAKER_01
129.64784375000002,139.97534375,3111,3359,SPEAKER_01
138.87846875,139.40159375000002,3333,3345,SPEAKER_02
139.97534375,139.99221875,3359,3359,SPEAKER_02
140.81909375,143.40096875,3379,3441,SPEAKER_01
143.40096875,143.41784375,3441,3442,SPEAKER_02
143.41784375,143.43471875,3442,3442,SPEAKER_01
145.89846875,153.27284375000002,3501,3678,SPEAKER_01
154.21784375000001,154.94346875000002,3701,3718,SPEAKER_01
155.46659375000002,156.66471875000002,3731,3759,SPEAKER_01
157.54221875000002,159.07784375,3781,3817,SPEAKER_01
159.07784375,159.49971875,3817,3827,SPEAKER_02
160.51221875000002,161.28846875000002,3852,3870,SPEAKER_01
162.14909375000002,165.35534375,3891,3968,SPEAKER_01
166.21596875,172.99971875,3989,4151,SPEAKER_01
173.86034375,178.97346875000002,4172,4295,SPEAKER_01
179.71596875,184.03596875000002,4313,4416,SPEAKER_01
186.65159375000002,188.79471875000002,4479,4531,SPEAKER_01
190.43159375000002,191.17409375000003,4570,4588,SPEAKER_01
191.51159375,196.40534375000001,4596,4713,SPEAKER_01
197.85659375,202.12596875000003,4748,4851,SPEAKER_01
203.25659375,206.44596875000002,4878,4954,SPEAKER_01
206.58096875,212.84159375000002,4957,5108,SPEAKER_01
213.44909375,215.94659375,5122,5182,SPEAKER_01
215.98034375,224.16471875000002,5183,5379,SPEAKER_01
223.84409375,224.04659375000003,5372,5377,SPEAKER_02
224.43471875,237.46221875,5386,5699,SPEAKER_02
233.61471875,234.01971875,5606,5616,SPEAKER_01
234.01971875,234.07034375,5616,5617,SPEAKER_00
234.99846875000003,235.03221875000003,5639,5640,SPEAKER_00
235.03221875000003,235.38659375,5640,5649,SPEAKER_01
235.38659375,235.42034375000003,5649,5650,SPEAKER_00
237.74909375000001,242.33909375000002,5705,5816,SPEAKER_02
240.83721875,242.11971875,5780,5810,SPEAKER_01
242.57534375,248.21159375000002,5821,5957,SPEAKER_02
248.22846875000002,248.34659375,5957,5960,SPEAKER_02
248.38034375,255.13034375,5961,6123,SPEAKER_02
254.23596875,254.94471875000002,6101,6118,SPEAKER_01
255.19784375,255.21471875,6124,6125,SPEAKER_02
255.21471875,255.97409375,6125,6143,SPEAKER_01
256.54784375,257.81346875,6157,6187,SPEAKER_01
257.81346875,258.03284375000004,6187,6192,SPEAKER_02
258.03284375000004,258.21846875,6192,6197,SPEAKER_01
259.93971875,265.40721875,6238,6369,SPEAKER_01
267.16221875,267.31409375000004,6411,6415,SPEAKER_01
267.31409375000004,267.43221875,6415,6418,SPEAKER_02
270.52034375,275.09346875,6492,6602,SPEAKER_02
277.55721875,281.21909375,6661,6749,SPEAKER_02
282.92346875000004,286.73721875,6790,6881,SPEAKER_02
287.22659375,289.18409375000005,6893,6940,SPEAKER_02
289.85909375,291.91784375000003,6956,7006,SPEAKER_02
292.32284375,301.45221875000004,7015,7234,SPEAKER_02
302.21159375,306.02534375000005,7253,7344,SPEAKER_02
306.70034375,310.76721875000004,7360,7458,SPEAKER_02
311.27346875,322.96784375000004,7470,7751,SPEAKER_02
323.57534375,333.32909375,7765,7999,SPEAKER_02
333.86909375000005,342.12096875000003,8012,8210,SPEAKER_02
342.37409375000004,344.19659375000003,8216,8260,SPEAKER_02
344.38221875000005,355.67159375,8265,8536,SPEAKER_02
355.85721875,364.95284375,8540,8758,SPEAKER_02
356.39721875000004,357.57846875,8553,8581,SPEAKER_01
360.78471875,361.30784375,8658,8671,SPEAKER_01
365.25659375000004,371.70284375,8766,8920,SPEAKER_02
372.47909375,375.19596875,8939,9004,SPEAKER_02
375.85409375,383.27909375,9020,9198,SPEAKER_02
383.49846875000003,383.98784375,9203,9215,SPEAKER_01
383.98784375,384.32534375,9215,9223,SPEAKER_02
384.00471875000005,384.02159375,9216,9216,SPEAKER_01
384.32534375,398.07846875,9223,9553,SPEAKER_01
386.43471875,386.51909375,9274,9276,SPEAKER_02
398.44971875000005,402.97221875,9562,9671,SPEAKER_01
402.97221875,413.87346875000003,9671,9932,SPEAKER_02
411.83159375,414.10971875,9883,9938,SPEAKER_01
414.10971875,417.90659375,9938,10029,SPEAKER_02
414.14346875,415.12221875,9939,9962,SPEAKER_01
415.22346875000005,415.57784375,9965,9973,SPEAKER_01
417.50159375000004,417.68721875,10020,10024,SPEAKER_01
418.53096875,419.45909375,10044,10067,SPEAKER_02
419.79659375,423.27284375000005,10075,10158,SPEAKER_02
423.77909375,425.85471875,10170,10220,SPEAKER_02
426.27659375,429.31409375000004,10230,10303,SPEAKER_02
426.91784375000003,427.30596875000003,10246,10255,SPEAKER_00
429.87096875000003,433.73534375,10316,10409,SPEAKER_02
434.52846875,436.78971875,10428,10482,SPEAKER_02
437.07659375000003,439.43909375000004,10489,10546,SPEAKER_02
440.13096875,441.86909375000005,10563,10604,SPEAKER_02
442.15596875000006,443.25284375,10611,10638,SPEAKER_02
443.64096875,446.64471875000004,10647,10719,SPEAKER_02
446.66159375,449.71596875,10719,10793,SPEAKER_02
448.09596875000005,455.08221875000004,10754,10921,SPEAKER_01
454.60971875,461.32596875,10910,11071,SPEAKER_02
457.79909375000005,458.98034375000003,10987,11015,SPEAKER_01
459.89159375,466.40534375000004,11037,11193,SPEAKER_01
467.85659375000006,476.14221875000004,11228,11427,SPEAKER_01
471.38346875,471.58596875,11313,11318,SPEAKER_02
473.50971875000005,474.74159375000005,11364,11393,SPEAKER_02
476.14221875000004,480.10784375000003,11427,11522,SPEAKER_02
481.10346875000005,484.42784375,11546,11626,SPEAKER_02
484.57971875000004,492.10596875000005,11629,11810,SPEAKER_02
490.65471875000003,491.70096875,11775,11800,SPEAKER_00
492.57846875,499.85159375,11821,11996,SPEAKER_02
500.39159375,503.56409375000004,12009,12085,SPEAKER_02
504.01971875000004,505.70721875000004,12096,12136,SPEAKER_02
506.23034375000003,507.98534375,12149,12191,SPEAKER_02
508.49159375000005,516.2709687500001,12203,12390,SPEAKER_02
516.7265937500001,546.8484687499999,12401,13124,SPEAKER_02
523.83096875,525.68721875,12571,12616,SPEAKER_00
546.29159375,546.8315937500001,13110,13123,SPEAKER_01
546.8484687499999,547.45596875,13124,13138,SPEAKER_01
546.9497187500001,548.3503437500001,13126,13160,SPEAKER_02
548.6709687499999,550.10534375,13168,13202,SPEAKER_01
549.68346875,551.0672187499999,13192,13225,SPEAKER_02
550.1897187500001,550.2065937500001,13204,13204,SPEAKER_01
552.48471875,554.5772187499999,13259,13309,SPEAKER_02
555.48846875,558.72846875,13331,13409,SPEAKER_02
556.16346875,559.55534375,13347,13429,SPEAKER_01
562.10346875,562.8459687500001,13490,13508,SPEAKER_01
562.8797187499999,563.03159375,13509,13512,SPEAKER_01
564.2297187500001,566.13659375,13541,13587,SPEAKER_01
567.28409375,569.0222187500001,13614,13656,SPEAKER_01
569.35971875,570.5915937500001,13664,13694,SPEAKER_01
571.8234687500001,572.34659375,13723,13736,SPEAKER_01
576.0590937500001,581.2903437500001,13825,13950,SPEAKER_01
581.61096875,587.4834687499999,13958,14099,SPEAKER_01
588.12471875,588.6984687500001,14114,14128,SPEAKER_01
590.9765937500001,602.2322187500001,14183,14453,SPEAKER_01
599.78534375,600.15659375,14394,14403,SPEAKER_00
602.6372187500001,605.8772187500001,14463,14541,SPEAKER_01
606.38346875,607.9697187500001,14553,14591,SPEAKER_01
607.9697187500001,609.89346875,14591,14637,SPEAKER_02
610.16346875,620.03534375,14643,14880,SPEAKER_02
614.36534375,614.4497187500001,14744,14746,SPEAKER_01
614.4834687499999,614.9897187500001,14747,14759,SPEAKER_01
620.03534375,620.60909375,14880,14894,SPEAKER_01
621.03096875,621.0478437500001,14904,14905,SPEAKER_02
621.0478437500001,627.1397187499999,14905,15051,SPEAKER_01
622.1615937500001,622.85346875,14931,14948,SPEAKER_02
625.1484687500001,626.92034375,15003,15046,SPEAKER_02
627.71346875,628.84409375,15065,15092,SPEAKER_01
629.0803437500001,629.7890937500001,15097,15114,SPEAKER_01
630.27846875,630.29534375,15126,15127,SPEAKER_01
630.29534375,635.5772187499999,15127,15253,SPEAKER_02
636.1003437500001,642.0234687500001,15266,15408,SPEAKER_02
642.0234687500001,642.4622187500001,15408,15419,SPEAKER_01
643.35659375,646.7990937500001,15440,15523,SPEAKER_01
647.2040937500001,649.4484687500001,15532,15586,SPEAKER_01
650.3090937500001,655.2703437499999,15607,15726,SPEAKER_01
659.08409375,659.10096875,15818,15818,SPEAKER_01
659.10096875,664.28159375,15818,15942,SPEAKER_02
665.31096875,666.30659375,15967,15991,SPEAKER_02
666.98159375,668.21346875,16007,16037,SPEAKER_02
668.4665937500001,670.5928437500002,16043,16094,SPEAKER_02
670.9809687500001,671.5209687500001,16103,16116,SPEAKER_02
672.04409375,673.9172187500001,16129,16174,SPEAKER_02
673.3772187500001,673.59659375,16161,16166,SPEAKER_01
674.3559687500001,683.4853437500001,16184,16403,SPEAKER_02
683.97471875,699.43221875,16415,16786,SPEAKER_02
700.05659375,700.61346875,16801,16814,SPEAKER_02
701.27159375,704.7309687500001,16830,16913,SPEAKER_02
704.7309687500001,704.93346875,16913,16918,SPEAKER_01
704.93346875,705.0515937499999,16918,16921,SPEAKER_02
705.0515937499999,705.06846875,16921,16921,SPEAKER_01
705.06846875,705.08534375,16921,16922,SPEAKER_02
705.08534375,705.11909375,16922,16922,SPEAKER_01
705.5578437500001,710.40096875,16933,17049,SPEAKER_02
712.0547187500001,725.50409375,17089,17412,SPEAKER_02
726.3647187500001,733.4353437500001,17432,17602,SPEAKER_02
733.5703437500001,740.23596875,17605,17765,SPEAKER_02
739.7465937500001,740.2022187500002,17753,17764,SPEAKER_01
741.1472187500001,742.10909375,17787,17810,SPEAKER_02
743.34096875,752.04846875,17840,18049,SPEAKER_02
752.35221875,761.5828437499999,18056,18277,SPEAKER_02
762.5109687500001,775.5047187499999,18300,18612,SPEAKER_02
772.6528437500001,773.2097187500001,18543,18557,SPEAKER_00
776.1965937500001,789.6797187500001,18628,18952,SPEAKER_02
789.91596875,793.27409375,18957,19038,SPEAKER_02
793.66221875,799.70346875,19047,19192,SPEAKER_02
793.71284375,794.1515937500001,19049,19059,SPEAKER_01
799.9228437500001,800.41221875,19198,19209,SPEAKER_01
800.5134687500001,802.3022187500001,19212,19255,SPEAKER_02
803.3147187500001,804.6984687500001,19279,19312,SPEAKER_02
805.10346875,805.4409687500001,19322,19330,SPEAKER_01
806.89221875,808.6472187500001,19365,19407,SPEAKER_02
810.45284375,811.66784375,19450,19480,SPEAKER_01
816.2240937500001,824.8472187500001,19589,19796,SPEAKER_01
825.3703437500001,830.7534687500001,19808,19938,SPEAKER_01
831.22596875,835.44471875,19949,20050,SPEAKER_01
835.76534375,837.38534375,20058,20097,SPEAKER_01
837.85784375,838.98846875,20108,20135,SPEAKER_01
838.71846875,838.8703437500001,20129,20132,SPEAKER_02
839.98409375,841.0303437500002,20159,20184,SPEAKER_01
841.77284375,846.98721875,20202,20327,SPEAKER_01
847.71284375,852.87659375,20345,20469,SPEAKER_01
853.6865937500002,854.4797187500001,20488,20507,SPEAKER_01
855.27284375,856.3359687500001,20526,20552,SPEAKER_01
856.84221875,860.4365937500002,20564,20650,SPEAKER_01
860.60534375,862.30971875,20654,20695,SPEAKER_01
862.6472187500001,863.0859687500001,20703,20714,SPEAKER_01
863.2378437500001,867.4228437500001,20717,20818,SPEAKER_01
868.35096875,869.0090937500001,20840,20856,SPEAKER_01
869.6672187500001,879.58971875,20872,21110,SPEAKER_01
874.1728437500001,874.57784375,20980,20989,SPEAKER_02
875.4384687500001,876.1809687500001,21010,21028,SPEAKER_02
876.82221875,877.1597187500001,21043,21051,SPEAKER_02
880.0790937500001,880.72034375,21121,21137,SPEAKER_01
881.1084687500002,882.57659375,21146,21181,SPEAKER_01
883.80846875,886.9640937500001,21211,21287,SPEAKER_01
884.0278437500001,884.41596875,21216,21225,SPEAKER_02
887.03159375,895.9922187500001,21288,21503,SPEAKER_02
896.63346875,899.70471875,21519,21592,SPEAKER_02
900.1772187500001,902.96159375,21604,21671,SPEAKER_02
903.50159375,917.11971875,21684,22010,SPEAKER_02
917.60909375,918.11534375,22022,22034,SPEAKER_01
917.71034375,925.15221875,22025,22203,SPEAKER_02
920.0559687500001,920.83221875,22081,22099,SPEAKER_01
922.65471875,922.9753437500001,22143,22151,SPEAKER_01
924.34221875,926.99159375,22184,22247,SPEAKER_01
927.68346875,927.9365937500002,22264,22270,SPEAKER_01
927.9365937500002,928.0378437500001,22270,22272,SPEAKER_02
928.0378437500001,930.0290937500001,22272,22320,SPEAKER_01
928.8984687500001,929.9953437500001,22293,22319,SPEAKER_02
930.0290937500001,930.0459687500002,22320,22321,SPEAKER_02
930.0459687500002,930.82221875,22321,22339,SPEAKER_01
930.1809687500001,930.7547187500002,22324,22338,SPEAKER_02
931.2947187500001,933.8428437500002,22351,22412,SPEAKER_01
932.8134687500001,933.3872187500001,22387,22401,SPEAKER_02
933.4040937500001,933.45471875,22401,22402,SPEAKER_02
935.54721875,944.99721875,22453,22679,SPEAKER_01
945.30096875,947.0222187500001,22687,22728,SPEAKER_01
947.98409375,949.4522187500002,22751,22786,SPEAKER_02
948.5915937500001,949.38471875,22766,22785,SPEAKER_01
951.46034375,953.6709687500002,22835,22888,SPEAKER_02
954.16034375,959.49284375,22899,23027,SPEAKER_02
959.7290937500002,968.0147187500002,23033,23232,SPEAKER_02
967.33971875,967.35659375,23216,23216,SPEAKER_01
968.1665937500002,972.84096875,23235,23348,SPEAKER_02
968.3015937500002,968.8078437500001,23239,23251,SPEAKER_01
969.5672187500002,970.46159375,23269,23291,SPEAKER_01
973.93784375,985.5478437500001,23374,23653,SPEAKER_02
986.88096875,991.85909375,23685,23804,SPEAKER_02
992.28096875,995.45346875,23814,23890,SPEAKER_02
995.7234687500002,999.7734687500001,23897,23994,SPEAKER_02
997.3603437500001,997.8159687500001,23936,23947,SPEAKER_01
998.42346875,998.9465937500001,23962,23974,SPEAKER_01
999.85784375,999.9422187500002,23996,23998,SPEAKER_02
999.9422187500002,1000.11096875,23998,24002,SPEAKER_01
1000.11096875,1003.06409375,24002,24073,SPEAKER_02
1003.8403437500001,1006.9622187500001,24092,24167,SPEAKER_02
1007.02971875,1008.5147187500002,24168,24204,SPEAKER_02
1008.6328437500001,1011.06284375,24207,24265,SPEAKER_02
1011.78846875,1012.53096875,24282,24300,SPEAKER_02
1012.7334687500002,1017.44159375,24305,24418,SPEAKER_02
1017.44159375,1017.69471875,24418,24424,SPEAKER_01
1017.69471875,1017.72846875,24424,24425,SPEAKER_02
1017.72846875,1017.7453437500001,24425,24425,SPEAKER_01
1017.7453437500001,1017.96471875,24425,24431,SPEAKER_02
1017.96471875,1018.23471875,24431,24437,SPEAKER_01
1018.9265937500002,1021.6940937500001,24454,24520,SPEAKER_01
1024.7315937500002,1030.92471875,24593,24742,SPEAKER_00
1031.4647187500002,1033.1353437500002,24755,24795,SPEAKER_00
1033.2872187500002,1035.2109687500001,24798,24845,SPEAKER_00
